region,city,address_street,address_type
респ. Ингушетия,клх Тутончаны,"пр. 1 Мая, д. 16",получатель
Забайкальский край,клх Сосногорск,"алл. Комарова, д. 711 стр. 10",получатель
респ. Коми,п. Бомнак,"ул. Советская, д. 3 стр. 8/8",отправитель
Чукотский АО,с. Нижнеудинск,"алл. Вокзальная, д. 370 стр. 5",отправитель
Красноярский край,г. Орехово-Зуево,"пр. Вишневый, д. 8/3 стр. 4",получатель
Краснодарский край,ст. Гудермес,"ул. Целинная, д. 555 к. 2/7",отправитель
Красноярский край,с. Шереметьево,"пер. Речной, д. 3/3",отправитель
Ставропольский край,к. Одинцово,"пр. Ушакова, д. 4 стр. 9/8",получатель
Еврейская АО,д. Сусуман,"ш. Декабристов, д. 4/5",получатель
Свердловская обл.,к. Меренга,"пр. Коллективный, д. 474",получатель
респ. Коми,п. Змеиногорск,"ш. Зеленое, д. 993",получатель
Камчатский край,п. Кулу,"алл. 9 Января, д. 1",получатель
Красноярский край,г. Усть-Ишим,"алл. Лесная, д. 463 к. 2",получатель
Чукотский АО,с. Горячий Ключ,"наб. Металлургов, д. 8 к. 5",получатель
Чукотский АО,п. Усть-Илимск,"ул. Победы, д. 18 стр. 175",получатель
Ненецкий АО,ст. Коломна,"пр. Чайковского, д. 67 к. 23",получатель
респ. Адыгея,ст. Лесной (Сверд.),"алл. Российская, д. 818 к. 1",отправитель
респ. Дагестан,г. Томск,"пр. 9 Января, д. 5/2",отправитель
Саратовская обл.,ст. Советский,"наб. Черняховского, д. 898 стр. 3/7",отправитель
Ненецкий АО,к. Выборг,"ш. Октябрьское, д. 302",получатель
Ханты-Мансийский АО,ст. Солнечногорск,"пер. Лазо, д. 41",отправитель
Ненецкий АО,п. Двинской,"пр. Седова, д. 5/6",отправитель
Ханты-Мансийский АО,п. Тула,"бул. Щербакова, д. 5",отправитель
Ненецкий АО,клх Тында,"ул. Дарвина, д. 451 стр. 557",отправитель
Новосибирская обл.,ст. Холмогоры,"бул. Седова, д. 3 стр. 9",получатель
респ. Хакасия,к. Златоуст,"ш. Коллективное, д. 2 к. 79",получатель
Курская обл.,с. Дзержинск,"алл. Казанская, д. 2 к. 6/9",получатель
респ. Удмуртия,ст. Томск,"ш. Строителей, д. 87 к. 6",получатель
Астраханская обл.,д. Воткинск,"наб. Свободная, д. 3/9 стр. 48",получатель
Алтайский край,п. Белогорск (Амур.),"наб. Луначарского, д. 9",получатель
респ. Карачаево-Черкесия,д. Тихвин,"ш. Калинина, д. 1/1 стр. 3/7",отправитель
Хабаровский край,к. Чайковский,"наб. Свободы, д. 3/2",отправитель
Саратовская обл.,д. Южно-Курильск,"наб. Спортивная, д. 3",получатель
Ямало-Ненецкий АО,г. Ивдель,"пер. Пограничный, д. 74",отправитель
Красноярский край,г. Северодвинск,"ш. Верхнее, д. 877",отправитель
Липецкая обл.,ст. Тобольск,"бул. Нижний, д. 8",отправитель
Ставропольский край,с. Избербаш,"бул. Гагарина, д. 7/9 к. 996",отправитель
Приморский край,к. Майкоп,"пер. Геологов, д. 287 к. 5/6",получатель
Ханты-Мансийский АО,ст. Сорочинск,"пер. Геологов, д. 7/5 стр. 36",получатель
респ. Коми,д. Шумиха,"ш. Юбилейное, д. 91 стр. 7/8",получатель
респ. Чувашия,г. Плесецк,"алл. Коминтерна, д. 1 стр. 80",отправитель
респ. Адыгея,к. Радужный,"алл. Тульская, д. 4/5",отправитель
Алтайский край,д. Можга,"алл. Труда, д. 1/2 стр. 8",отправитель
Краснодарский край,п. Тында,"алл. Сиреневая, д. 739",отправитель
Ульяновская обл.,п. Кежма,"пер. Карла Либкнехта, д. 545",получатель
респ. Марий-Эл,п. Тобольск,"ул. Кочубея, д. 7 к. 60",отправитель
Камчатский край,ст. Домодедово,"пр. Ушакова, д. 9/9",отправитель
Хабаровский край,п. Ноябрьск,"ш. Шевченко, д. 61",получатель
респ. Тыва,с. Шелагонцы,"алл. Васильковая, д. 3 стр. 187",отправитель
Ненецкий АО,ст. Бологое,"наб. Циолковского, д. 897",получатель
Чукотский АО,с. Кежма,"ш. Сенное, д. 4/2",отправитель
респ. Карачаево-Черкесия,ст. Тулпан,"наб. Интернациональная, д. 8/9",отправитель
Еврейская АО,с. Байкальск,"пер. Водопроводный, д. 9 к. 920",получатель
Забайкальский край,г. Грозный,"ш. Производственное, д. 4 к. 98",отправитель
Воронежская обл.,с. Волгодонск,"пр. Советской Армии, д. 1 к. 613",отправитель
респ. Коми,п. Зарайск,"ул. Краснофлотская, д. 4/2 стр. 62",отправитель
Курганская обл.,ст. Лотошино,"пр. Достоевского, д. 5/8 стр. 7",отправитель
Оренбургская обл.,г. Павловский Посад,"ул. Механизаторов, д. 201 к. 2",отправитель
Ставропольский край,с. Надым,"бул. Воровского, д. 9 стр. 9/2",получатель
Чукотский АО,г. Быково (метеост.),"бул. Петровский, д. 532",отправитель
Ямало-Ненецкий АО,клх Певек,"пер. Фадеева, д. 74",получатель
Еврейская АО,ст. Сунтар,"ул. Алтайская, д. 5/1",отправитель
Ивановская обл.,клх Серебряные Пруды,"пр. Щербакова, д. 47",отправитель
Ямало-Ненецкий АО,ст. Ногинск (Моск.),"алл. Толбухина, д. 4 к. 5/3",получатель
респ. Карелия,с. Карабулак,"пер. Профсоюзный, д. 590 к. 9/8",получатель
Камчатский край,клх Черкесск,"пр. Карла Либкнехта, д. 5 к. 5",отправитель
респ. Кабардино-Балкария,с. Кострома,"наб. Гагарина, д. 73",отправитель
Ямало-Ненецкий АО,клх Миллерово,"пр. 40 лет Победы, д. 588 стр. 326",отправитель
Приморский край,с. Саров (Морд.),"пер. Орджоникидзе, д. 633 стр. 1",отправитель
Ханты-Мансийский АО,д. Ревда (Сверд.),"ул. Шахтерская, д. 5/8 к. 3",отправитель
Еврейская АО,клх Внуково (метеост.),"наб. Покровская, д. 8/7 стр. 6/3",получатель
Тамбовская обл.,с. Оленек,"пр. Сосновый, д. 9 стр. 1",получатель
Краснодарский край,клх Сковородино,"ш. Труда, д. 40 стр. 1",получатель
Ханты-Мансийский АО,ст. Лазаревское,"пер. Кольцова, д. 7",получатель
Ставропольский край,п. Шахты,"наб. Мельничная, д. 3 стр. 3",получатель
респ. Адыгея,д. Нижний Тагил,"ш. Правды, д. 2/2 к. 628",отправитель
Новгородская обл.,г. Пушкинские Горы,"бул. Вольный, д. 156 стр. 6",отправитель
респ. Калмыкия,д. Пушкин,"алл. Шолохова, д. 48",отправитель
Тверская обл.,п. Йошкар-Ола,"ул. Новгородская, д. 765",отправитель
Еврейская АО,ст. Кострома,"ул. Торговая, д. 9/7",получатель
Алтайский край,ст. Ялуторовск,"ш. Громова, д. 9 стр. 16",отправитель
Ямало-Ненецкий АО,п. Карталы,"наб. Пугачева, д. 8/6 стр. 6",отправитель
Приморский край,с. Артем,"алл. Лесхозная, д. 1 стр. 5/1",получатель
Нижегородская обл.,с. Мытищи,"бул. Осипенко, д. 31 к. 73",получатель
Еврейская АО,п. Игарка,"пр. Моховой, д. 5 к. 17",получатель
Еврейская АО,к. Муром,"алл. Октября, д. 6/3 к. 502",отправитель
Пермский край,г. Оленек,"наб. Веселая, д. 21 к. 3",отправитель
Иркутская обл.,д. Туапсе,"ш. Безымянное, д. 2/4 к. 8",получатель
Краснодарский край,п. Рубцовск,"наб. Комарова, д. 3/5 стр. 7",получатель
Приморский край,клх Тобольск,"наб. Заозерная, д. 6 стр. 3/9",получатель
Красноярский край,клх Кулу,"пр. Озерный, д. 52",получатель
Ямало-Ненецкий АО,с. Воткинск,"пер. Малиновый, д. 501 к. 2/6",отправитель
Тульская обл.,ст. Шамары,"пер. Красный, д. 9/9 к. 7/6",отправитель
Приморский край,к. Владикавказ,"пр. Ильича, д. 8/4",отправитель
респ. Крым,к. Миллерово,"наб. Ростовская, д. 84",отправитель
Еврейская АО,д. Казань,"алл. Мусы Джалиля, д. 77 к. 61",отправитель
Камчатский край,п. Красноуральск,"ул. Королева, д. 775",отправитель
респ. Северная Осетия - Алания,г. Новая Игирма,"бул. Фестивальный, д. 268 стр. 259",отправитель
Алтайский край,п. Гусь-Хрустальный,"пр. Рыбацкий, д. 933 к. 67",отправитель
респ. Хакасия,г. Нязепетровск,"пер. Советов, д. 85 стр. 7",отправитель
Хабаровский край,г. Ростов-на-Дону,"наб. Заводская, д. 450 к. 358",отправитель
Ленинградская обл.,г. Чикола,"ш. Нагорное, д. 547 к. 6",получатель
респ. Чечня,д. Барнаул,"ш. Правды, д. 82 стр. 420",отправитель
Ханты-Мансийский АО,п. Калязин,"пер. Герцена, д. 877",отправитель
Хабаровский край,с. Юрьевец (Иван.),"пр. Боровой, д. 407",отправитель
Чукотский АО,с. Туруханск,"бул. Линейный, д. 2 стр. 89",отправитель
Ставропольский край,клх Мезень,"ш. Молодежное, д. 6 к. 95",получатель
Чукотский АО,п. Буденновск,"алл. Одесская, д. 47 стр. 801",отправитель
респ. Татарстан,п. Саранск,"бул. Буденного, д. 8/9 к. 9/9",получатель
Астраханская обл.,д. Нижнекамск,"бул. Вавилова, д. 69",получатель
Чукотский АО,к. Соболево,"алл. 8-е Марта, д. 23 стр. 92",отправитель
респ. Дагестан,п. Пинега,"пр. Королева, д. 3/7 стр. 2/7",отправитель
респ. Крым,с. Соловки,"ул. Маркса Карла, д. 3/9 к. 79",получатель
Ямало-Ненецкий АО,с. Воронеж,"бул. О.Кошевого, д. 6 стр. 893",отправитель
Нижегородская обл.,г. Муром,"ул. Васильковая, д. 86 к. 380",получатель
Еврейская АО,п. Морозовск,"ш. Коллективное, д. 91 к. 5",отправитель
респ. Чувашия,г. Миллерово,"бул. Луначарского, д. 5 стр. 2",отправитель
Еврейская АО,ст. Солнечногорск,"алл. Механизаторов, д. 8/6",отправитель
респ. Бурятия,г. Нязепетровск,"наб. Сахалинская, д. 121 стр. 209",отправитель
Ненецкий АО,п. Артем,"алл. Курортная, д. 1 стр. 759",получатель
респ. Карачаево-Черкесия,с. Данков,"алл. Коммунальная, д. 43 к. 447",получатель
респ. Северная Осетия - Алания,ст. Суздаль,"ул. Абрикосовая, д. 76 к. 213",получатель
Еврейская АО,клх Лысьва,"алл. Береговая, д. 1 к. 8/2",получатель
Еврейская АО,п. Архыз,"бул. Кирова, д. 68",отправитель
респ. Хакасия,г. Шадринск,"бул. Волжский, д. 868",получатель
Алтайский край,клх Кингисепп,"бул. Буденного, д. 208",отправитель
Краснодарский край,д. Соловки,"алл. Проточная, д. 29 стр. 5",получатель
Смоленская обл.,с. Ясный (Оренб.),"пр. Рябиновый, д. 516",отправитель
Самарская обл.,д. Поярково,"пр. Глинки, д. 104 к. 14",получатель
респ. Саха (Якутия),к. Чита,"пр. Полевой, д. 5/6 стр. 3",получатель
респ. Северная Осетия - Алания,п. Пермь,"пр. Западный, д. 540",отправитель
Чукотский АО,ст. Ясный (Оренб.),"пр. Байкальский, д. 71 к. 3/7",получатель
Краснодарский край,ст. Курган,"бул. Прохладный, д. 5 к. 722",получатель
Самарская обл.,клх Майкоп,"наб. Морская, д. 251 стр. 7",отправитель
Челябинская обл.,ст. Сибай,"ш. Тульское, д. 3 стр. 5",отправитель
респ. Тыва,клх Троицко-Печорск,"наб. Панфилова, д. 3 стр. 33",отправитель
Хабаровский край,с. Вытегра,"пер. Запрудный, д. 5/4",отправитель
Владимирская обл.,д. Вытегра,"бул. Каштановый, д. 914 к. 119",получатель
респ. Чечня,клх Псебай,"ш. Строителей, д. 7 стр. 9/7",отправитель
респ. Хакасия,с. Арсеньев,"пер. Одесский, д. 9/4",получатель
Ненецкий АО,ст. Зарайск,"пр. Мельничный, д. 505 к. 8/6",получатель
Ямало-Ненецкий АО,д. Усинск,"ш. Папанина, д. 804 стр. 71",отправитель
Красноярский край,с. Калуга,"пер. Дарвина, д. 5",отправитель
Ханты-Мансийский АО,п. Приозерск,"наб. Техническая, д. 9/1 к. 586",получатель
Краснодарский край,клх Кыштым,"ш. Осенное, д. 3 стр. 37",получатель
респ. Удмуртия,п. Псков,"ш. Олимпийское, д. 90 к. 3",отправитель
Мурманская обл.,к. Игнашино,"бул. Минский, д. 52 к. 9/4",получатель
Кемеровская обл.,п. Ардон,"бул. Широкий, д. 2 стр. 6/6",отправитель
респ. Калмыкия,ст. Верхний Тагил,"наб. Гафури, д. 3 стр. 1/9",получатель
Новгородская обл.,к. Яшалта,"ул. Серафимовича, д. 5/7",получатель
респ. Бурятия,с. Архыз,"пр. Дружба, д. 814 стр. 6",получатель
Саратовская обл.,к. Наро-Фоминск,"пр. Журавлева, д. 723 к. 90",отправитель
респ. Чечня,клх Бийск,"алл. Привольная, д. 5",получатель
Чукотский АО,д. Сосновый Бор,"ш. Иванова, д. 89 стр. 64",отправитель
Еврейская АО,к. Камень-на-Оби,"наб. Гаражная, д. 613",отправитель
Ненецкий АО,п. Волоколамск,"пер. Верхний, д. 669 стр. 226",получатель
Ставропольский край,г. Верхотурье,"ш. Железнодорожное, д. 1/2 стр. 952",получатель
респ. Коми,к. Солнечногорск,"алл. Трудовая, д. 9 к. 8/7",получатель
Брянская обл.,г. Рыбинск,"ш. Тимирязева, д. 329",получатель
Мурманская обл.,клх Агинское (Забайк.),"пр. Кузнечный, д. 5 стр. 8",получатель
Ханты-Мансийский АО,г. Ногинск (Моск.),"алл. О.Кошевого, д. 6 к. 8",отправитель
Еврейская АО,ст. Агинское (Забайк.),"алл. Ульяновская, д. 865 к. 3/8",получатель
респ. Кабардино-Балкария,с. Юрьевец (Иван.),"пр. Волкова, д. 5/3",получатель
Ненецкий АО,д. Домбай,"бул. Герцена, д. 153 к. 604",получатель
Ненецкий АО,ст. Киренск,"пер. Казанский, д. 3 стр. 32",получатель
Ханты-Мансийский АО,ст. Торжок,"наб. Ватутина, д. 17 стр. 125",отправитель
Рязанская обл.,д. Калевала,"ш. Коммунистическое, д. 764 к. 6/5",получатель
Краснодарский край,клх Абакан,"наб. Луначарского, д. 8/9 к. 642",отправитель
респ. Калмыкия,д. Ковров,"ш. Физкультурное, д. 911 стр. 3/6",отправитель
респ. Татарстан,г. Серебряные Пруды,"алл. Ленинская, д. 362 к. 45",отправитель
Смоленская обл.,г. Краснотурьинск,"бул. Осенний, д. 99 к. 2",получатель
Еврейская АО,клх Шали,"пр. Журавлева, д. 433 стр. 82",получатель
Ненецкий АО,п. Стрежевой,"пр. Санаторный, д. 585 к. 82",отправитель
Алтайский край,г. Яхрома,"наб. Тепличная, д. 1",отправитель
Псковская обл.,п. Ангарск,"бул. Маркса Карла, д. 35 стр. 3",отправитель
Ханты-Мансийский АО,клх Торжок,"ш. Большевистское, д. 635 стр. 197",отправитель
респ. Мордовия,клх Новый Оскол,"алл. Ленина, д. 2/3 к. 125",отправитель
респ. Калмыкия,к. Холмогоры,"пр. Санаторный, д. 92 стр. 317",отправитель
Краснодарский край,ст. Руза,"ул. Хуторская, д. 867 к. 4/3",получатель
Забайкальский край,клх Вологда,"ш. Щетинкина, д. 330 стр. 110",получатель
Костромская обл.,к. Сочи,"пр. Первомайский, д. 5/4 стр. 3/8",отправитель
Челябинская обл.,п. Жуковский,"бул. Свободы, д. 1/9 стр. 8",отправитель
Вологодская обл.,с. Южноуральск,"ул. 50 лет Победы, д. 3 стр. 193",получатель
респ. Саха (Якутия),г. Анапа,"пер. Грибоедова, д. 159 к. 2",получатель
Пермский край,д. Луховицы,"алл. Вавилова, д. 9 стр. 4",получатель
Орловская обл.,"д. Москва, МГУ","ул. Комсомольская, д. 3",отправитель
Ханты-Мансийский АО,д. Королев,"алл. Озерная, д. 9 к. 4",получатель
Пермский край,ст. Мураши,"ул. Станиславского, д. 39",отправитель
Сахалинская обл.,ст. Арзамас,"ш. Толстого, д. 7/8",отправитель
респ. Кабардино-Балкария,ст. Калач,"пер. 70 лет Октября, д. 49 стр. 5",получатель
Сахалинская обл.,к. Шатой,"пер. Производственный, д. 89 к. 6/2",получатель
Кировская обл.,с. Белорецк,"бул. Бабушкина, д. 72",отправитель
Ненецкий АО,д. Чулым,"ш. Гражданское, д. 1/5 к. 80",отправитель
респ. Коми,г. Бронницы,"ш. Школьное, д. 4/1 стр. 328",получатель
респ. Коми,ст. Аша,"бул. Рыбацкий, д. 6/8 к. 89",отправитель
Псковская обл.,к. Воскресенск,"ул. 30 лет Победы, д. 3/8 к. 5",получатель
респ. Марий-Эл,п. Уссурийск,"пр. Энгельса, д. 542",получатель
Чукотский АО,клх Ковров,"ул. Каштановая, д. 9/5 к. 21",получатель
Челябинская обл.,п. Ессентуки,"ул. Ударная, д. 30",отправитель
респ. Крым,п. Усть-Калманка,"ул. Чернышевского, д. 92",отправитель
Красноярский край,д. Петушки,"пер. Студенческий, д. 78 к. 11",получатель
Ставропольский край,ст. Новгород Великий,"пер. Березовый, д. 408 стр. 6/5",получатель
Московская обл.,к. Щельяюр,"ул. Макаренко, д. 6/9",получатель
Ростовская обл.,с. Тобольск,"алл. Лесозаводская, д. 7/3 к. 4/1",получатель
Курская обл.,ст. Чулым,"бул. Карьерный, д. 8 стр. 545",отправитель
Астраханская обл.,п. Волхов,"пер. Серова, д. 40 к. 27",получатель
респ. Саха (Якутия),к. Гусь-Хрустальный,"ш. Отрадное, д. 5/3 к. 405",отправитель
респ. Удмуртия,клх Самара,"бул. Фрунзе, д. 14 к. 5/2",отправитель
Алтайский край,г. Черкесск,"алл. Маркса, д. 3/7 стр. 51",получатель
Чукотский АО,г. Радужный,"ул. Зои Космодемьянской, д. 669",отправитель
Еврейская АО,ст. Магадан,"пр. Дорожный, д. 366",отправитель
респ. Хакасия,к. Лотошино,"ул. Речная, д. 4",получатель
Ямало-Ненецкий АО,г. Хоста,"алл. Карла Маркса, д. 256",получатель
респ. Алтай,клх Кизляр,"пер. Коминтерна, д. 94 к. 2/1",отправитель
Свердловская обл.,к. Кулу,"алл. Тургенева, д. 2/3 к. 90",получатель
Ханты-Мансийский АО,ст. Гаврилов-Ям,"алл. Мира, д. 539 стр. 7",получатель
Красноярский край,с. Новая Игирма,"пер. Мирный, д. 7/3 к. 970",отправитель
Алтайский край,с. Голицыно,"алл. Красина, д. 7",получатель
Ленинградская обл.,п. Рославль,"пер. Водников, д. 2/2 к. 52",получатель
Ханты-Мансийский АО,к. Ханты-Мансийск,"пер. Молодежный, д. 1 к. 9",получатель
Курская обл.,к. Минеральные Воды,"алл. Пушкинская, д. 78 стр. 2/6",отправитель
Красноярский край,к. Данков,"бул. Ореховый, д. 6 к. 5/9",отправитель
Красноярский край,с. Советский,"алл. Восточная, д. 900 к. 3",получатель
респ. Карелия,п. Ачхой Мартан,"ш. Смирнова, д. 731 к. 4/4",получатель
респ. Саха (Якутия),с. Партизанск,"наб. Крылова, д. 92 к. 8/8",получатель
Забайкальский край,клх Бирск,"пр. Гагарина, д. 8/7",получатель
респ. Карачаево-Черкесия,д. Чайковский,"ул. Зеленая, д. 8",получатель
Ханты-Мансийский АО,д. Ряжск,"пер. Пограничный, д. 389 к. 6/4",отправитель
Алтайский край,д. Кедровый,"алл. Маркса, д. 8/4 стр. 198",отправитель
респ. Башкортостан,с. Андреаполь,"алл. Минина, д. 7 к. 92",отправитель
респ. Ингушетия,с. Ставрополь,"пер. Волжский, д. 8 к. 8",отправитель
Приморский край,п. Северобайкальск,"пер. Октября, д. 27",получатель
респ. Карелия,к. Сортавала,"ул. Ульяновская, д. 3/8 стр. 3",получатель
Хабаровский край,с. Асино,"наб. Дорожников, д. 57 к. 9/8",отправитель
Ямало-Ненецкий АО,ст. Ивдель,"ш. Гагарина, д. 271 к. 7/9",отправитель
Ямало-Ненецкий АО,г. Минусинск,"алл. Донская, д. 143 к. 69",отправитель
Ивановская обл.,ст. Иркутск,"бул. Макаренко, д. 998",получатель
Красноярский край,с. Приозерск,"наб. Ангарская, д. 10 стр. 96",отправитель
респ. Северная Осетия - Алания,г. Калязин,"ул. Геологическая, д. 376 к. 24",отправитель
Чукотский АО,ст. Воркута,"алл. Никитина, д. 7/1 к. 7/5",отправитель
респ. Карачаево-Черкесия,к. Канск,"наб. 9 мая, д. 557",отправитель
Ханты-Мансийский АО,с. Тымовское,"ш. Розы Люксембург, д. 111 стр. 8/6",отправитель
Белгородская обл.,к. Гагарин,"наб. Ленская, д. 2/9 к. 1",получатель
Нижегородская обл.,г. Кропоткин (Краснод.),"ш. Титова, д. 2",получатель
Пермский край,г. Каменномостский,"ул. Тихая, д. 11",отправитель
Псковская обл.,к. Малая Вишера,"пер. Гоголя, д. 4",получатель
Чукотский АО,д. Ясный (Оренб.),"пер. Юности, д. 9/7 стр. 7",отправитель
Красноярский край,д. Буйнакск,"бул. Куйбышева, д. 4 к. 1",отправитель
Рязанская обл.,п. Тында,"пер. Энергетиков, д. 17",получатель
Чукотский АО,п. Радужный,"бул. Центральный, д. 87",получатель
респ. Тыва,к. Шумиха,"ш. Запрудное, д. 94",получатель
Красноярский край,ст. Краснотурьинск,"бул. Пожарского, д. 16 стр. 4/5",получатель
респ. Коми,ст. Снежинск,"пер. Механизаторов, д. 140 стр. 454",отправитель
Ханты-Мансийский АО,п. Кондопога,"ул. Парковая, д. 684",отправитель
Красноярский край,клх Усть-Кулом,"бул. Герцена, д. 487 к. 240",получатель
Пермский край,с. Сосногорск,"пр. Смирнова, д. 241",получатель
респ. Саха (Якутия),ст. Петухово,"пр. Менделеева, д. 75 к. 90",отправитель
Саратовская обл.,с. Чита,"пр. Кошевого, д. 7",получатель
Ханты-Мансийский АО,п. Вендинга,"алл. Южная, д. 6/3 стр. 5",отправитель
Новосибирская обл.,п. Джейрах,"бул. Славянский, д. 6/3 стр. 4/5",отправитель
Чукотский АО,клх Пятигорск,"ул. Докучаева, д. 9/9 стр. 9/3",отправитель
Краснодарский край,г. Уренгой,"алл. Элеваторная, д. 287 стр. 3/4",отправитель
Красноярский край,клх Тюмень,"ш. Социалистическое, д. 9 стр. 176",отправитель
Ханты-Мансийский АО,д. Кондопога,"алл. Казанская, д. 3 стр. 1",получатель
Чукотский АО,д. Качканар,"ул. Димитрова, д. 59 стр. 29",отправитель
Хабаровский край,с. Белгород,"ш. Моховое, д. 50 стр. 8/7",получатель
Курская обл.,клх Элиста,"пр. Элеваторный, д. 3/6",отправитель
Тульская обл.,д. Солнечногорск,"пр. Орловский, д. 8",отправитель
Самарская обл.,с. Волгодонск,"наб. Специалистов, д. 18 стр. 2",получатель
Ханты-Мансийский АО,г. Невьянск,"пр. Станиславского, д. 621 к. 1/9",получатель
Забайкальский край,клх Краснокамск,"пр. Докучаева, д. 9 к. 92",получатель
Забайкальский край,ст. Токсово,"пр. 60 лет СССР, д. 7",получатель
Ненецкий АО,г. Мыс Шмидта,"ш. 30 лет Победы, д. 42",получатель
Ненецкий АО,п. Можга,"пр. Петровский, д. 8",получатель
Красноярский край,ст. Ангарск,"ш. Черноморское, д. 264 стр. 1",отправитель
Еврейская АО,г. Бузулук,"пр. Больничный, д. 9/1 стр. 39",получатель
Тульская обл.,с. Аргаяш,"бул. Харьковский, д. 56",получатель
Камчатский край,д. Кош-Агач,"алл. 70 лет Октября, д. 71 стр. 518",получатель
респ. Карачаево-Черкесия,к. Беломорск,"бул. Павлова, д. 958",отправитель
Смоленская обл.,с. Оренбург,"алл. Бульварная, д. 9/7 стр. 392",получатель
Ханты-Мансийский АО,с. Апатиты,"пр. Ленинский, д. 7/5",отправитель
респ. Чувашия,к. Шилка,"ш. Песчаное, д. 489 к. 5/7",отправитель
респ. Северная Осетия - Алания,ст. Когалым,"пр. Целинный, д. 33",получатель
Ханты-Мансийский АО,клх Поярково,"алл. Клары Цеткин, д. 12 к. 1",получатель
Новосибирская обл.,ст. Агинское (Забайк.),"алл. Украинская, д. 20 стр. 252",получатель
Забайкальский край,клх Кущевская,"ул. Овражная, д. 529 к. 80",отправитель
Мурманская обл.,д. Бологое,"бул. Ильича, д. 314 стр. 6",получатель
Приморский край,с. Билибино,"пр. 60 лет СССР, д. 1 к. 9/6",получатель
респ. Удмуртия,с. Бугуруслан,"пр. Огородный, д. 8/1 к. 18",получатель
респ. Карелия,г. Мураши,"пер. Коммунаров, д. 544 к. 4/2",получатель
Еврейская АО,г. Кирово-Чепецк,"ш. Дальнее, д. 7/6 стр. 76",получатель
Московская обл.,г. Слюдянка,"ул. Коммуны, д. 1/7 к. 37",отправитель
Ивановская обл.,д. Кяхта,"пр. Парковый, д. 5 стр. 8",отправитель
Ярославская обл.,д. Клин,"алл. Прохладная, д. 92",отправитель
Пермский край,ст. Кетченеры,"алл. Радищева, д. 140 стр. 260",отправитель
респ. Саха (Якутия),д. Шатура,"пер. Выгонный, д. 71",отправитель
Тульская обл.,п. Невьянск,"ш. Труда, д. 7",отправитель
Приморский край,г. Шуя,"пер. Урожайный, д. 816",отправитель
Саратовская обл.,с. Сорочинск,"наб. Безымянная, д. 2",получатель
Пермский край,ст. Бологое,"наб. Омская, д. 953 к. 8",отправитель
Приморский край,клх Чайковский,"наб. Олимпийская, д. 6/1 стр. 481",отправитель
Ненецкий АО,г. Терней,"пер. Поперечный, д. 6 к. 35",отправитель
Еврейская АО,клх Яхрома,"пер. Подстанция, д. 3/6",получатель
респ. Бурятия,ст. Апатиты,"пр. Полтавский, д. 261 стр. 8/3",получатель
респ. Бурятия,клх Улан-Удэ,"бул. Проточный, д. 1 стр. 378",получатель
Брянская обл.,с. Алексин,"бул. Иркутский, д. 3",отправитель
Ненецкий АО,клх Волгодонск,"ул. Кольцова, д. 78 стр. 2/2",получатель
Вологодская обл.,с. Екатеринбург,"алл. Слободская, д. 8",получатель
Ненецкий АО,п. Красноуральск,"бул. Минский, д. 4",получатель
Московская обл.,ст. Лабытнанги,"пр. Речной, д. 5",получатель
Ставропольский край,клх Грозный,"пр. Красноармейский, д. 368 стр. 60",отправитель
Ханты-Мансийский АО,клх Белокуриха,"пер. Луговой, д. 373 к. 348",получатель
Забайкальский край,д. Ишим,"алл. Виноградная, д. 50 к. 671",отправитель
Еврейская АО,п. Лазаревское,"бул. Володарского, д. 9 к. 59",получатель
респ. Карачаево-Черкесия,к. Волхов,"ул. Краснофлотская, д. 89",получатель
Краснодарский край,с. Егорьевск,"бул. Олега Кошевого, д. 4",отправитель
Ненецкий АО,д. Краснодар,"пр. Ветеранов, д. 2/4 стр. 35",получатель
Саратовская обл.,клх Курильск,"ул. Портовая, д. 6/3 к. 7/9",отправитель
Ненецкий АО,с. Анапа,"наб. Почтовая, д. 256",отправитель
Ханты-Мансийский АО,п. Можайск,"ул. Новостройка, д. 3/1",получатель
респ. Ингушетия,клх Ярославль,"пер. Социалистический, д. 3 к. 8/3",получатель
Еврейская АО,ст. Бавлы,"алл. Коммуны, д. 4/2 к. 48",получатель
Тамбовская обл.,г. Гудермес,"наб. Ивановская, д. 89",получатель
респ. Хакасия,д. Мезень,"пр. Нагорный, д. 406",отправитель
Алтайский край,п. Биробиджан,"пер. Приморский, д. 4/5",получатель
Пермский край,п. Уссурийск,"алл. Первомайская, д. 921 к. 961",отправитель
Оренбургская обл.,к. Енисейск,"бул. Заозерный, д. 1/7",отправитель
респ. Калмыкия,к. Кетченеры,"пер. Приозерный, д. 5/7 к. 4/4",отправитель
респ. Чувашия,"ст. Москва, МГУ","ш. Дружба, д. 11 к. 366",получатель
респ. Башкортостан,г. Дивногорск,"ш. Дарвина, д. 4 к. 765",отправитель
Еврейская АО,к. Подольск,"алл. Попова, д. 2 стр. 1",отправитель
респ. Марий-Эл,п. Невельск,"пр. Короленко, д. 8",отправитель
Ненецкий АО,к. Ясный (Оренб.),"ш. Юбилейное, д. 6",отправитель
Красноярский край,д. Магадан,"пер. Гаражный, д. 7/3",отправитель
Забайкальский край,клх Выборг,"ш. Новгородское, д. 162 к. 3/8",получатель
Ставропольский край,клх Саранск,"ш. Коммунистическое, д. 72 к. 19",отправитель
респ. Ингушетия,г. Волгоград,"пр. Троицкий, д. 94 стр. 3",получатель
Свердловская обл.,клх Саров (Морд.),"пер. Иркутский, д. 3/5 стр. 6",отправитель
Пермский край,п. Тымовское,"наб. Приозерная, д. 1/3 стр. 4/9",получатель
респ. Дагестан,клх Кущевская,"бул. Строительный, д. 8 к. 36",отправитель
Пермский край,клх Норильск,"бул. Свердлова, д. 2 к. 488",получатель
респ. Дагестан,с. Северобайкальск,"пер. Чапаева, д. 345 стр. 27",отправитель
Чукотский АО,ст. Байкальск,"бул. Магистральный, д. 70 к. 9/6",отправитель
Смоленская обл.,ст. Сальск,"алл. Белорусская, д. 463 стр. 1/2",получатель
Московская обл.,п. Гудермес,"наб. Первомайская, д. 4 стр. 36",отправитель
Алтайский край,к. Алдан,"бул. Линейный, д. 5/9 стр. 1/8",получатель
Ненецкий АО,к. Вологда,"пер. Азовский, д. 7/8 к. 1",получатель
Новгородская обл.,ст. Пенза,"ул. Волкова, д. 727 стр. 753",отправитель
Ямало-Ненецкий АО,д. Оленегорск (Якут.),"ш. Мичурина, д. 3",получатель
респ. Калмыкия,с. Енисейск,"бул. Тенистый, д. 3 стр. 5",получатель
респ. Карачаево-Черкесия,д. Баксан,"ш. Декабристов, д. 2/7 стр. 5/9",отправитель
Пензенская обл.,п. Сочи,"ш. Крупской, д. 23",отправитель
Ямало-Ненецкий АО,с. Раменское,"алл. Радужная, д. 919",отправитель
Хабаровский край,к. Орел,"пр. Высоцкого, д. 432",отправитель
Смоленская обл.,ст. Ханты-Мансийск,"пр. Горького, д. 610",получатель
Оренбургская обл.,г. Ишим,"ш. Юбилейное, д. 87 к. 7",отправитель
Липецкая обл.,ст. Хатанга,"бул. Солнечный, д. 119 стр. 6/1",получатель
Волгоградская обл.,к. Новосибирск,"наб. Хвойная, д. 91 стр. 329",отправитель
респ. Кабардино-Балкария,д. Королев,"алл. Лермонтова, д. 16 стр. 6",отправитель
Новосибирская обл.,с. Пушкин,"ш. Воронежское, д. 217",получатель
респ. Алтай,д. Самара,"ул. Семашко, д. 8/1 к. 266",получатель
респ. Татарстан,с. Бийск,"ул. Ломоносова, д. 690",отправитель
Чукотский АО,п. Мокшан,"бул. Подгорный, д. 71",отправитель
респ. Мордовия,с. Нарым,"пр. Харьковский, д. 1/4 стр. 37",отправитель
респ. Карачаево-Черкесия,ст. Усолье Сибирское,"бул. Малый, д. 45",получатель
респ. Удмуртия,д. Корсаков,"наб. Нагорная, д. 98 стр. 1/3",получатель
Краснодарский край,к. Москва,"пр. 1 Мая, д. 7/6 стр. 2",получатель
Ямало-Ненецкий АО,с. Данков,"ул. Энгельса, д. 5",получатель
Камчатский край,с. Тамбов,"наб. Мирная, д. 28",получатель
Приморский край,к. Киренск,"пер. Подлесный, д. 670",отправитель
Астраханская обл.,к. Туруханск,"ш. Зеленое, д. 8 к. 58",получатель
респ. Дагестан,ст. Алдан,"ш. Рылеева, д. 2",отправитель
Оренбургская обл.,п. Моршанск,"ул. Космодемьянской, д. 42 стр. 9",получатель
респ. Карелия,с. Мураши,"алл. Жукова, д. 9 стр. 979",отправитель
Приморский край,г. Сосновый Бор,"алл. Моховая, д. 8",получатель
Рязанская обл.,п. Бомнак,"алл. Правды, д. 47 к. 82",получатель
Краснодарский край,с. Рыльск,"алл. Смоленская, д. 4 стр. 44",отправитель
Еврейская АО,п. Колпашево,"пер. Народный, д. 6 к. 1/9",получатель
Хабаровский край,п. Хатанга,"пр. Республиканский, д. 5 стр. 9",отправитель
Рязанская обл.,к. Тарко-Сале,"ул. Заречная, д. 5/3 к. 21",получатель
Еврейская АО,ст. Курильск,"ш. Уральское, д. 693 к. 8",получатель
Ямало-Ненецкий АО,ст. Всеволожск,"ул. Гайдара, д. 7/2 к. 855",получатель
Красноярский край,ст. Балтийск,"ул. Горняцкая, д. 40",получатель
Алтайский край,г. Обоянь,"ул. Харьковская, д. 8/6 к. 289",отправитель
Еврейская АО,клх Амурск,"бул. Сиреневый, д. 6",отправитель
Забайкальский край,клх Ноябрьск,"пер. Вавилова, д. 6",отправитель
респ. Татарстан,д. Старая Русса,"алл. Кубанская, д. 4/3",отправитель
респ. Дагестан,клх Наро-Фоминск,"алл. Пролетарская, д. 717 стр. 99",получатель
Забайкальский край,д. Невельск,"алл. Дружба, д. 74 стр. 93",отправитель
Воронежская обл.,к. Владимир,"ул. Дружба, д. 2/3",получатель
Кировская обл.,с. Архангельск,"наб. Кутузова, д. 7",получатель
респ. Саха (Якутия),клх Ирбит,"алл. Олега Кошевого, д. 97 стр. 5/2",получатель
Тамбовская обл.,с. Соликамск,"пр. Таежный, д. 1/7 стр. 1/2",получатель
Курская обл.,п. Славянск-на-Кубани,"пр. Отрадный, д. 32",получатель
Иркутская обл.,клх Ангарск,"ул. Проезжая, д. 286",получатель
Ямало-Ненецкий АО,клх Усть-Илимск,"пр. Достоевского, д. 455",отправитель
Вологодская обл.,клх Губкинский,"алл. Энгельса, д. 7/1",получатель
Липецкая обл.,д. Ербогачен,"алл. Мая 1, д. 57 стр. 76",отправитель
Ямало-Ненецкий АО,д. Верхотурье,"ул. Дорожная, д. 3 стр. 53",отправитель
респ. Удмуртия,к. Ухта,"пр. Бажова, д. 163",получатель
Ненецкий АО,к. Сковородино,"ш. Придорожное, д. 7 к. 612",отправитель
респ. Кабардино-Балкария,п. Кинешма,"наб. Лунная, д. 8/7",получатель
Чукотский АО,к. Туруханск,"ш. Осенное, д. 3/9",отправитель
Забайкальский край,д. Ахтубинск,"ш. О.Кошевого, д. 145 к. 3",отправитель
Камчатский край,клх Нарым,"алл. Ленина, д. 32 к. 9",отправитель
Пензенская обл.,клх Кош-Агач,"пр. Казачий, д. 2/1 стр. 459",получатель
респ. Коми,п. Елатьма,"пер. Урожайный, д. 67 стр. 6/2",отправитель
Ханты-Мансийский АО,клх Эльтон,"бул. Автомобилистов, д. 9/4",отправитель
Камчатский край,п. Новокузнецк,"пер. 50 лет Октября, д. 2/7",отправитель
Челябинская обл.,п. Волгодонск,"бул. Энергетический, д. 7/7 стр. 3",получатель
Забайкальский край,ст. Набережные Челны,"алл. Суворова, д. 5/3 стр. 8",получатель
Кировская обл.,с. Камень-на-Оби,"пр. Демьяна Бедного, д. 2 стр. 8/1",отправитель
Еврейская АО,г. Чехов,"пр. Инженерный, д. 40",получатель
Кемеровская обл.,клх Каменск-Уральский,"бул. Рыбацкий, д. 7",отправитель
респ. Адыгея,клх Юровск,"пр. Гагарина, д. 66 к. 6/2",отправитель
респ. Бурятия,ст. Бодайбо,"ул. Высоцкого, д. 12 стр. 185",получатель
Ставропольский край,клх Майкоп,"ш. Шмидта, д. 5 стр. 2",получатель
Еврейская АО,с. Апшеронск,"наб. Гайдара, д. 2/9 стр. 34",получатель
респ. Башкортостан,клх Жиганск,"пер. Владимирский, д. 16 к. 6/6",отправитель
Свердловская обл.,ст. Санкт-Петербург,"пр. Привокзальный, д. 66 стр. 7",отправитель
Воронежская обл.,с. Листвянка (Иркут.),"ул. Маркса Карла, д. 4 стр. 26",отправитель
респ. Коми,ст. Мирный,"бул. Короткий, д. 47",отправитель
респ. Крым,п. Алагир,"ул. Ленская, д. 5",получатель
Алтайский край,с. Верхоянск,"пер. Водников, д. 7",получатель
Пермский край,клх Сосьва (Хант.),"бул. Белорусский, д. 1/4",получатель
Еврейская АО,д. Южно-Сахалинск,"ул. Сибирская, д. 6 к. 97",получатель
Краснодарский край,п. Улан-Удэ,"ул. Покровская, д. 57 к. 6",получатель
респ. Дагестан,ст. Устюжна,"пр. Стадионный, д. 30 стр. 8",отправитель
Ханты-Мансийский АО,клх Кировск (Ленин.),"пр. Дарвина, д. 66 к. 74",отправитель
респ. Мордовия,к. Беслан,"пер. Дзержинского, д. 622 стр. 99",отправитель
респ. Карачаево-Черкесия,с. Кыштым,"ул. Майская, д. 24 к. 76",получатель
респ. Ингушетия,с. Дудинка,"алл. Таежная, д. 1 стр. 221",получатель
респ. Саха (Якутия),п. Троицк (Челяб.),"ул. Главная, д. 3/5",получатель
Костромская обл.,клх Курганинск,"ул. Пушкина, д. 28",отправитель
Тамбовская обл.,клх Богучар,"бул. Запорожский, д. 9/2 стр. 6/5",получатель
Орловская обл.,д. Томари,"пер. Лесный, д. 771 к. 411",получатель
Ямало-Ненецкий АО,п. Новая Игирма,"наб. Степная, д. 9 стр. 88",отправитель
Чукотский АО,к. Аша,"бул. Черняховского, д. 1 стр. 4/6",отправитель
Ростовская обл.,к. Когалым,"алл. Кавказская, д. 139",отправитель
Ханты-Мансийский АО,п. Пушкино (Моск.),"ул. Космодемьянской, д. 5/1 к. 6/7",отправитель
Красноярский край,с. Нефтегорск (Самар.),"бул. Кузнечный, д. 501 стр. 1/8",получатель
Ивановская обл.,ст. Петухово,"пр. Астраханский, д. 3/8 к. 366",получатель
респ. Татарстан,д. Череповец,"пр. Иванова, д. 209 к. 401",отправитель
респ. Дагестан,д. Забайкальск,"бул. Степной, д. 661 к. 4/3",получатель
Хабаровский край,ст. Истра,"пр. Ягодный, д. 156",отправитель
Ставропольский край,ст. Кабанск,"алл. Л.Толстого, д. 7 стр. 108",отправитель
Ненецкий АО,д. Бугуруслан,"наб. Труда, д. 9/2",отправитель
респ. Ингушетия,ст. Саров (Морд.),"ул. Королева, д. 3/8 стр. 5/1",отправитель
Пермский край,к. Пушкин,"бул. Пугачева, д. 8",получатель
Забайкальский край,п. Краснокамск,"ул. Журавлева, д. 8",отправитель
респ. Кабардино-Балкария,г. Бийск,"ул. Маркса, д. 7/9 к. 3",отправитель
Чукотский АО,с. Избербаш,"наб. Транспортная, д. 691 стр. 485",отправитель
респ. Кабардино-Балкария,ст. Петушки,"ул. Окружная, д. 176 стр. 447",отправитель
Ханты-Мансийский АО,п. Хабаровск,"ул. Социалистическая, д. 438",отправитель
респ. Хакасия,клх Енисейск,"пер. Садовый, д. 492",получатель
Брянская обл.,с. Тулун,"бул. Радужный, д. 4 стр. 7/3",отправитель
Приморский край,к. Мирный,"наб. Баумана, д. 160",получатель
Ненецкий АО,с. Октябрьское (Хант.),"ш. Пожарского, д. 17",получатель
Еврейская АО,с. Кудымкар,"пр. Прудный, д. 11 стр. 1/7",отправитель
Еврейская АО,г. Тында,"пр. Вахитова, д. 121 к. 769",получатель
Забайкальский край,д. Листвянка (Иркут.),"бул. Ульянова, д. 96 стр. 1",получатель
Ханты-Мансийский АО,с. Казань,"ш. Димитрова, д. 6",получатель
Еврейская АО,ст. Приморско-Ахтарск,"ш. Шмидта, д. 22 стр. 324",получатель
Ставропольский край,д. Кырен,"наб. Культуры, д. 7/3 к. 3/5",получатель
Еврейская АО,д. Махачкала,"ул. Ленинградская, д. 3/9",отправитель
Астраханская обл.,к. Дно,"ул. Ленская, д. 74 к. 906",отправитель
Новгородская обл.,с. Каргополь,"пер. Запорожский, д. 9 к. 408",получатель
Ханты-Мансийский АО,г. Амурск,"пер. Безымянный, д. 75 стр. 527",отправитель
респ. Ингушетия,п. Кулунда,"бул. Щетинкина, д. 37 к. 684",отправитель
Приморский край,с. Южно-Курильск,"бул. Волжский, д. 9 к. 667",получатель
Ямало-Ненецкий АО,п. Тихвин,"ш. Лесное, д. 54 стр. 27",отправитель
респ. Мордовия,ст. Борзя,"наб. Пушкинская, д. 3/2",получатель
Чукотский АО,г. Нефтекамск,"ул. Морозова, д. 29",получатель
респ. Карелия,г. Кош-Агач,"алл. Иркутская, д. 962",отправитель
респ. Адыгея,ст. Камышлов,"бул. Мира, д. 186 стр. 6/9",отправитель
Ненецкий АО,г. Новороссийка,"наб. Механизаторов, д. 93 к. 875",отправитель
Еврейская АО,д. Енисейск,"алл. Родниковая, д. 347 к. 35",отправитель
Красноярский край,д. Сосногорск,"ул. Матросова, д. 54",получатель
Алтайский край,клх Чита,"ш. Восьмого Марта, д. 4",получатель
Алтайский край,к. Алексин,"пр. 9 Января, д. 41 стр. 984",получатель
респ. Мордовия,клх Катайск,"пер. Братский, д. 93 к. 6/6",получатель
Калужская обл.,п. Дивногорск,"пр. Подстанция, д. 4",отправитель
Ивановская обл.,клх Улан-Удэ,"наб. Химиков, д. 68",получатель
респ. Алтай,п. Касимов,"пр. Рябиновый, д. 2/7 стр. 1",отправитель
Томская обл.,г. Чебаркуль,"ул. Докучаева, д. 1",отправитель
респ. Ингушетия,г. Вилюйск,"пер. Спартака, д. 261 к. 4",получатель
респ. Карелия,г. Джейрах,"ш. Заводское, д. 61",отправитель
респ. Коми,к. Саратов,"пер. Республиканский, д. 544 к. 90",отправитель
Приморский край,г. Макаров,"ш. Виноградное, д. 73 стр. 290",получатель
респ. Коми,п. Чермоз,"ул. Павлика Морозова, д. 6",отправитель
Чукотский АО,д. Шатой,"ул. Папанина, д. 530 к. 5",получатель
респ. Коми,с. Балашов,"пер. Кошевого, д. 53 к. 193",получатель
Ставропольский край,д. Апшеронск,"ш. Белорусское, д. 6/6 стр. 402",получатель
респ. Крым,с. Туапсе,"ул. Труда, д. 58",получатель
Чукотский АО,д. Данков,"ул. Тепличная, д. 202 стр. 8",получатель
респ. Тыва,г. Верхоянск,"бул. Горького, д. 124 стр. 3",получатель
респ. Кабардино-Балкария,ст. Малоярославец,"ш. Кузнецова, д. 3/2 стр. 58",отправитель
респ. Бурятия,г. Анапа,"ул. Серова, д. 2/8 стр. 359",получатель
Пермский край,с. Онега,"пр. Октябрьский, д. 4/9 к. 581",отправитель
Костромская обл.,ст. Оха,"ш. Уральское, д. 78 к. 23",получатель
респ. Удмуртия,с. Бугульма,"бул. Брянский, д. 657 к. 6",получатель
Мурманская обл.,г. Братск,"бул. Короткий, д. 3/7",получатель
респ. Ингушетия,ст. Братск,"ул. Смоленская, д. 1/2 стр. 684",получатель
Московская обл.,ст. Уренгой,"бул. Кубанский, д. 34",отправитель
респ. Карачаево-Черкесия,к. Сусуман,"ш. 9 Января, д. 1/5 стр. 9",получатель
Чукотский АО,ст. Москва,"ш. Воронежское, д. 774 стр. 3/3",получатель
Ненецкий АО,ст. Шелагонцы,"пер. Запрудный, д. 701 стр. 1/1",отправитель
респ. Крым,клх Шенкурск,"ул. Казанская, д. 72 к. 12",получатель
Хабаровский край,г. Чебоксары,"наб. Орджоникидзе, д. 79",получатель
Ямало-Ненецкий АО,д. Гремячинск (Бурят.),"наб. Сплавная, д. 831",получатель
Ненецкий АО,клх Тайшет,"пер. Тенистый, д. 75",получатель
Мурманская обл.,клх Нурлат,"ул. Свободы, д. 932",отправитель
Ненецкий АО,с. Вязьма,"алл. Пожарского, д. 329 к. 7",получатель
Хабаровский край,г. Катайск,"алл. Крылова, д. 5 стр. 2/4",получатель
респ. Алтай,д. Тула,"алл. Попова, д. 884",отправитель
Алтайский край,г. Джейрах,"алл. Сосновая, д. 401 к. 6/6",получатель
Камчатский край,г. Архыз,"ул. Тимирязева, д. 9/5",получатель
респ. Крым,ст. Щельяюр,"ул. 50 лет Октября, д. 29 стр. 730",отправитель
респ. Карелия,г. Нижний Тагил,"пер. Короткий, д. 7/9 к. 3",отправитель
Тамбовская обл.,клх Кулу,"алл. Плеханова, д. 72 к. 6/2",отправитель
Волгоградская обл.,с. Гремячинск (Бурят.),"пер. Светлый, д. 8/2",получатель
респ. Карелия,г. Волоколамск,"бул. Спортивный, д. 4 к. 2/1",получатель
Краснодарский край,д. Кырен,"алл. Средняя, д. 1/7",получатель
Мурманская обл.,д. Эльтон,"наб. Полярная, д. 2 стр. 37",отправитель
Ямало-Ненецкий АО,к. Волгодонск,"бул. Трудовой, д. 1 стр. 992",отправитель
Свердловская обл.,с. Домбай,"пр. Кочубея, д. 144 стр. 499",получатель
Алтайский край,с. Качканар,"ш. Алтайское, д. 1/6 к. 42",получатель
респ. Кабардино-Балкария,д. Тамбов,"бул. Крупской, д. 992 к. 31",получатель
Красноярский край,ст. Горячий Ключ,"бул. Чкалова, д. 4 стр. 2",отправитель
Приморский край,г. Радужный,"ул. Черноморская, д. 107",получатель
Курганская обл.,п. Сковородино,"алл. 8 Марта, д. 4 стр. 9",отправитель
Чукотский АО,ст. Гаврилов-Ям,"ул. Полтавская, д. 7",отправитель
Еврейская АО,п. Джубга,"пер. Прудный, д. 5/5 стр. 3/1",получатель
Алтайский край,с. Дно,"ул. Безымянная, д. 362 к. 7",отправитель
Томская обл.,д. Ачинск,"наб. Троицкая, д. 1",отправитель
респ. Саха (Якутия),с. Ноглики,"ул. Новгородская, д. 236 к. 138",отправитель
Пермский край,ст. Ульяновск,"ул. Озерная, д. 6 стр. 53",получатель
Псковская обл.,с. Кош-Агач,"пер. Водников, д. 609",получатель
Московская обл.,ст. Кабанск,"алл. Прохладная, д. 32",отправитель
Ставропольский край,к. Черский,"ш. Пушкина, д. 7 к. 79",получатель
респ. Чечня,д. Агата,"бул. Азовский, д. 24 к. 4/2",отправитель
Ямало-Ненецкий АО,к. Крымск,"пр. Приморский, д. 3/4 стр. 9",отправитель
Кемеровская обл.,п. Яшкуль,"алл. Высоковольтная, д. 45 стр. 80",отправитель
Ивановская обл.,п. Железногорск(Курск.),"ул. Октябрьская, д. 785 стр. 74",получатель
Камчатский край,клх Партизанск,"алл. Коммунистическая, д. 1 стр. 1",получатель
респ. Чувашия,г. Качканар,"ул. Верхняя, д. 3/6",отправитель
Ставропольский край,с. Кижи,"ш. Саратовское, д. 898",получатель
респ. Саха (Якутия),с. Дзержинск,"ш. Кольцевое, д. 91 стр. 5",получатель
респ. Хакасия,д. Верхоянск,"ш. Красногвардейское, д. 11 стр. 2/2",отправитель
Курская обл.,ст. Канск,"наб. Томская, д. 3/8 стр. 884",отправитель
Свердловская обл.,г. Бавлы,"пер. Белорусский, д. 63 стр. 83",получатель
респ. Северная Осетия - Алания,к. Иркутск,"бул. Новоселов, д. 43",отправитель
респ. Мордовия,ст. Елец,"пр. Горный, д. 693",отправитель
Архангельская обл.,д. Костомукша,"ул. Профсоюзная, д. 4/7",получатель
Смоленская обл.,клх Торжок,"пер. Николаева, д. 8/3",отправитель
Чукотский АО,п. Рубцовск,"наб. Тукая, д. 2/1 к. 923",отправитель
респ. Бурятия,клх Ардон,"бул. Менделеева, д. 4",отправитель
респ. Калмыкия,г. Истра,"пер. Красногвардейский, д. 1",отправитель
Ненецкий АО,ст. Калязин,"алл. Бабушкина, д. 1 к. 6",отправитель
респ. Мордовия,к. Соловки,"алл. Котовского, д. 16",получатель
респ. Карачаево-Черкесия,ст. Кизляр,"ул. Заводская, д. 7 стр. 3/6",отправитель
Чукотский АО,г. Нижнекамск,"бул. Тульский, д. 9 к. 980",получатель
респ. Адыгея,с. Кажим,"бул. Угловой, д. 8/4",получатель
Ульяновская обл.,г. Оленегорск (Якут.),"пер. Осипенко, д. 32 стр. 1",получатель
Ненецкий АО,г. Междуреченский,"ул. 60 лет Октября, д. 67 стр. 5/5",отправитель
респ. Удмуртия,г. Новый Уренгой,"пр. Макарова, д. 703",отправитель
Алтайский край,к. Костомукша,"пр. Курортный, д. 7/1 стр. 67",отправитель
Приморский край,клх Мостовской,"наб. Ворошилова, д. 78 к. 7/7",получатель
Ивановская обл.,ст. Краснодар,"ул. Прохладная, д. 5 стр. 9",получатель
респ. Татарстан,с. Владивосток,"алл. Февральская, д. 49",получатель
Белгородская обл.,к. Обоянь,"бул. Фадеева, д. 7/4 стр. 9/4",получатель
Еврейская АО,клх Сортавала,"пер. Березовый, д. 85",получатель
Алтайский край,к. Соболево,"пр. М.Горького, д. 9/7 к. 5/9",отправитель
Пермский край,п. Абакан,"пер. Высоцкого, д. 7 стр. 3/2",получатель
Ямало-Ненецкий АО,д. Кызыл,"ш. Стадионное, д. 6/9 стр. 1",отправитель
Еврейская АО,п. Красноярск,"наб. Р.Люксембург, д. 3/7 к. 9",получатель
Хабаровский край,клх Чита,"наб. Набережная, д. 91 к. 9/4",получатель
Пермский край,ст. Тихвин,"пр. Мичурина, д. 8 к. 5",получатель
респ. Коми,к. Кырен,"наб. Хуторская, д. 23 к. 60",отправитель
Курская обл.,ст. Каменномостский,"ул. Путевая, д. 658 стр. 235",отправитель
Пермский край,г. Псков,"ш. 8-е Марта, д. 6/1",отправитель
Еврейская АО,п. Гремячинск (Перм.),"ш. Крестьянское, д. 5/7 стр. 67",отправитель
респ. Крым,клх Орехово-Зуево,"алл. Докучаева, д. 763",получатель
Ненецкий АО,д. Тверь,"наб. Громова, д. 2 стр. 620",получатель
Хабаровский край,г. Эльтон,"ул. Жуковского, д. 989 стр. 96",отправитель
Алтайский край,с. Нягань,"пер. Тенистый, д. 3/9 к. 1/8",получатель
Хабаровский край,клх Киржач,"пр. Урицкого, д. 584 стр. 28",получатель
Еврейская АО,г. Тура,"ул. Центральная, д. 4 стр. 3/4",получатель
Чукотский АО,ст. Саранск,"наб. Северная, д. 3/1 к. 8",получатель
респ. Ингушетия,д. Усть-Баргузин,"пр. Механизаторов, д. 939 к. 328",получатель
Ханты-Мансийский АО,д. Нефтеюганск,"пер. Ульяновский, д. 29 к. 7/6",получатель
Вологодская обл.,с. Невинномысск,"пр. Сенной, д. 39",отправитель
Чукотский АО,к. Ставрополь,"ул. Волочаевская, д. 7/2",отправитель
Красноярский край,ст. Партизанск,"наб. Степана Разина, д. 1 к. 5",получатель
Ханты-Мансийский АО,ст. Нижний Новгород,"ул. Логовая, д. 3/6 стр. 6/9",отправитель
респ. Хакасия,г. Вологда,"пр. Орловский, д. 9/1 стр. 6",отправитель
Рязанская обл.,ст. Вуктыл,"пер. Тукая, д. 2/8",отправитель
респ. Адыгея,ст. Мытищи,"бул. Кузнечный, д. 25 стр. 7/5",отправитель
Ханты-Мансийский АО,ст. Губкинский,"наб. Челюскинцев, д. 56 стр. 4",получатель
Еврейская АО,д. Борзя,"бул. Р.Люксембург, д. 4 к. 751",получатель
Хабаровский край,с. Сладково,"наб. Авиационная, д. 3/6 стр. 220",получатель
Калужская обл.,д. Зеленоград,"ул. Киевская, д. 56",получатель
Ненецкий АО,г. Октябрьское (Хант.),"бул. Речной, д. 21",отправитель
Краснодарский край,к. Юровск,"алл. Докучаева, д. 63 к. 3/8",получатель
Алтайский край,к. Хоста,"пр. Восьмого Марта, д. 383 стр. 5",отправитель
респ. Чечня,п. Урюпинск,"ул. Павлова, д. 5/7 к. 248",отправитель
Ханты-Мансийский АО,ст. Славгород,"пр. Калужский, д. 9 к. 466",получатель
Тверская обл.,к. Санкт-Петербург,"пр. Солнечный, д. 653 к. 18",получатель
Краснодарский край,с. Игарка,"алл. Володарского, д. 42 стр. 958",отправитель
Чукотский АО,ст. Чермоз,"пр. Попова, д. 553 к. 6/4",отправитель
респ. Калмыкия,с. Суздаль,"пр. Путейский, д. 834 стр. 6",получатель
Хабаровский край,ст. Томари,"ш. Чапаева, д. 511 стр. 13",получатель
респ. Тыва,клх Плесецк,"наб. Огородная, д. 143 к. 28",отправитель
Ставропольский край,клх Выборг,"пр. Коллективный, д. 7",получатель
Ненецкий АО,д. Каменск-Шахтинский,"ул. Нахимова, д. 2/7",отправитель
Ханты-Мансийский АО,клх Красногорск (Моск.),"наб. Геологическая, д. 318 стр. 43",получатель
Ямало-Ненецкий АО,ст. Псебай,"пр. Металлистов, д. 1/7 стр. 358",отправитель
Томская обл.,к. Мураши,"алл. Прибрежная, д. 60 стр. 69",получатель
респ. Кабардино-Балкария,г. Сковородино,"пр. Крестьянский, д. 16 стр. 1",получатель
Ханты-Мансийский АО,с. Братск,"ул. Л.Толстого, д. 250 к. 100",получатель
респ. Крым,д. Оха,"алл. Лесная, д. 5/6",отправитель
Смоленская обл.,к. Лазаревское,"ул. Олимпийская, д. 261 стр. 1/2",отправитель
респ. Чечня,клх Салават,"наб. Революционная, д. 9",получатель
Ямало-Ненецкий АО,д. Гусь-Хрустальный,"ш. Шолохова, д. 4",получатель
респ. Марий-Эл,ст. Охотск,"пр. Таманский, д. 42",получатель
респ. Дагестан,п. Верхний Уфалей,"алл. Магистральная, д. 4",отправитель
Алтайский край,д. Кизляр,"пер. Малый, д. 5/3",получатель
Ямало-Ненецкий АО,г. Балашиха,"ул. Южная, д. 7/3",получатель
Камчатский край,к. Колпашево,"пер. Индустриальный, д. 3 к. 9",отправитель
Красноярский край,ст. Ахтубинск,"пр. ДОС, д. 5 к. 9/9",отправитель
Краснодарский край,д. Саянск,"пер. Кленовый, д. 115 стр. 2/6",отправитель
Ненецкий АО,д. Якутск,"бул. Островского, д. 4 к. 3/6",отправитель
Ханты-Мансийский АО,п. Сургут (Хант.),"ш. Маяковского, д. 9 стр. 3",получатель
Новгородская обл.,клх Домодедово,"ш. Малиновое, д. 16 стр. 16",получатель
Красноярский край,п. Медногорск,"алл. Заовражная, д. 1 стр. 54",отправитель
Еврейская АО,клх Междуреченский,"пр. Трактовый, д. 5 к. 48",отправитель
Еврейская АО,п. Курчатов,"наб. Мостовая, д. 6/9",получатель
Приморский край,п. Тырныауз,"ул. Кооперативная, д. 62 к. 483",отправитель
Томская обл.,п. Канск,"пр. Нижний, д. 7/6 стр. 72",отправитель
Красноярский край,д. Лазаревское,"наб. Отрадная, д. 5 к. 9/8",получатель
Краснодарский край,ст. Великие Луки,"наб. Свободы, д. 517",отправитель
респ. Марий-Эл,клх Мценск,"бул. Республиканский, д. 507 стр. 2",получатель
респ. Коми,п. Сочи,"алл. Инженерная, д. 95",получатель
респ. Татарстан,д. Брянск,"пер. Правды, д. 298 к. 3",отправитель
Еврейская АО,с. Калач,"пер. Просторный, д. 169 к. 3/1",получатель
Забайкальский край,д. Андреаполь,"пер. Волжский, д. 9/6",получатель
Красноярский край,г. Юрьевец (Иван.),"наб. Одесская, д. 61",получатель
респ. Тыва,д. Каргасок,"ш. Абрикосовое, д. 5 стр. 248",получатель
Свердловская обл.,к. Брянск,"пр. Запрудный, д. 9/8",отправитель
Ненецкий АО,д. Домодедово,"ш. Л.Толстого, д. 5/3 к. 92",отправитель
Оренбургская обл.,д. Партизанск,"алл. Сельская, д. 45 стр. 2",отправитель
Ханты-Мансийский АО,г. Верхний Баскунчак,"наб. Азовская, д. 7 к. 91",отправитель
Ненецкий АО,ст. Тамбей,"пр. Курчатова, д. 3 к. 9",отправитель
респ. Чечня,клх Горячий Ключ,"алл. Энергетиков, д. 3/2",отправитель
респ. Тыва,с. Иркутск,"ш. Енисейское, д. 3/6 к. 272",получатель
Челябинская обл.,д. Ряжск,"пр. Калинина, д. 890 к. 88",отправитель
Ставропольский край,ст. Кырен,"ш. 40 лет Победы, д. 65",получатель
Красноярский край,д. Арзамас,"пр. Парижской Коммуны, д. 7/1",получатель
Мурманская обл.,п. Усолье Сибирское,"ул. Кольцова, д. 8/8 стр. 5",получатель
Ханты-Мансийский АО,клх Соловки,"пр. Малиновый, д. 25",отправитель
Мурманская обл.,к. Нижний Тагил,"ш. Демьяна Бедного, д. 1 стр. 6",отправитель
Ненецкий АО,п. Невьянск,"алл. Специалистов, д. 7",отправитель
Приморский край,д. Кинешма,"бул. Водников, д. 4",отправитель
респ. Кабардино-Балкария,г. Бавлы,"алл. Грибоедова, д. 790 стр. 48",отправитель
респ. Дагестан,к. Верхний Тагил,"ш. Малое, д. 1/4",получатель
Приморский край,ст. Неплюевка,"ул. Тихая, д. 78",получатель
Пермский край,к. Тырныауз,"пер. Магистральный, д. 23",получатель
Еврейская АО,к. Шелехов,"алл. Поперечная, д. 43 стр. 726",получатель
Курская обл.,к. Тольятти,"наб. Песчаная, д. 234 к. 7/9",получатель
респ. Башкортостан,к. Чокурдах,"наб. Минина, д. 5/5",отправитель
Пермский край,д. Алапаевск,"алл. Рязанская, д. 20 стр. 12",отправитель
Хабаровский край,д. Хатанга,"пр. Колхозный, д. 29 к. 635",получатель
респ. Мордовия,к. Энгельс,"наб. Есенина, д. 44 стр. 5/6",получатель
Ямало-Ненецкий АО,г. Гусь-Хрустальный,"ш. Просвещения, д. 1/4 к. 41",получатель
Астраханская обл.,ст. Смирных,"ш. Фестивальное, д. 1 к. 4",отправитель
Нижегородская обл.,г. Тутончаны,"пр. Механический, д. 8 стр. 3",отправитель
Архангельская обл.,клх Саратов,"пр. Рабочий, д. 9",получатель
респ. Крым,п. Новороссийск,"ул. Минская, д. 9/1 к. 638",получатель
Калужская обл.,д. Элиста,"пер. Свердлова, д. 5 к. 93",получатель
респ. Коми,д. Чайковский,"бул. Производственный, д. 66 стр. 2",отправитель
Костромская обл.,д. Кропоткин (Краснод.),"ул. Механизаторов, д. 5 стр. 9/4",получатель
Алтайский край,к. Томпа,"алл. Щербакова, д. 658 к. 1",отправитель
Забайкальский край,п. Архангельск,"ул. Достоевского, д. 8 к. 865",отправитель
Ставропольский край,г. Щелково,"ш. Курчатова, д. 4",получатель
Еврейская АО,п. Орск,"алл. Высокая, д. 414 стр. 54",получатель
Ханты-Мансийский АО,г. Токма,"бул. Сосновый, д. 29 к. 2/3",получатель
респ. Марий-Эл,к. Усть-Катав,"ш. Луговое, д. 79 стр. 227",отправитель
респ. Мордовия,ст. Объячево,"алл. Дальневосточная, д. 316 к. 27",получатель
Ханты-Мансийский АО,ст. Нарым,"пер. Дальневосточный, д. 53",отправитель
Ярославская обл.,г. Пушкин,"пр. Подлесный, д. 51 к. 7/1",получатель
Хабаровский край,г. Нарткала,"пер. Репина, д. 3 стр. 89",получатель
Забайкальский край,клх Адыгейск,"наб. Кольцевая, д. 44 стр. 8/9",получатель
Ленинградская обл.,с. Кедровый,"пр. Коммунаров, д. 8/3",получатель
Краснодарский край,п. Россошь,"пер. Максима Горького, д. 1/9 стр. 66",отправитель
Новгородская обл.,ст. Нурлат,"ул. Морозова, д. 8 стр. 622",получатель
Ивановская обл.,с. Бузулук,"ул. Коминтерна, д. 3",получатель
Ханты-Мансийский АО,д. Бийск,"алл. Трактовая, д. 96 стр. 1/3",получатель
Костромская обл.,с. Когалым,"алл. Камская, д. 4/2 стр. 7/1",получатель
респ. Крым,клх Дудинка,"пер. Дальний, д. 4 стр. 2",отправитель
Ненецкий АО,д. Крымск,"ш. Васильковое, д. 7/5 стр. 87",получатель
Волгоградская обл.,г. Яшкуль,"ш. Саратовское, д. 3",отправитель
Ямало-Ненецкий АО,ст. Юрьевец (Иван.),"пр. Тупиковый, д. 97 стр. 829",получатель
Томская обл.,п. Череповец,"ул. Таежная, д. 9 к. 784",отправитель
респ. Коми,клх Ковров,"наб. Дачная, д. 7/5",получатель
респ. Коми,г. Мытищи,"ш. Войкова, д. 680 к. 66",отправитель
Приморский край,г. Гдов,"пр. Донской, д. 862 к. 8/9",получатель
Ханты-Мансийский АО,к. Биробиджан,"алл. Молодежная, д. 68",отправитель
респ. Карачаево-Черкесия,г. Черняховск,"ш. Кольцевое, д. 61 стр. 8/4",отправитель
Чукотский АО,д. Карачаевск,"ул. Спортивная, д. 2/2 стр. 1/9",получатель
Чукотский АО,п. Нерчинск,"ул. Демьяна Бедного, д. 26 к. 7/7",получатель
респ. Мордовия,д. Междуреченский,"алл. Садовая, д. 39",получатель
респ. Алтай,с. Иваново,"бул. Прудовой, д. 790",отправитель
респ. Адыгея,д. Кропоткин (Краснод.),"бул. Лесный, д. 305 к. 3",получатель
Пермский край,клх Мончегорск,"бул. Шмидта, д. 77 к. 7/8",отправитель
Ставропольский край,п. Пинега,"алл. Кубанская, д. 9 стр. 819",отправитель
Новгородская обл.,г. Ханты-Мансийск,"алл. Снежная, д. 724 к. 2/6",получатель
Ставропольский край,к. Сургут (Хант.),"пр. Весенний, д. 3/1 к. 3/2",получатель
Псковская обл.,к. Гусь-Хрустальный,"наб. Толбухина, д. 25 стр. 72",получатель
Алтайский край,д. Бреды,"алл. Огородная, д. 601 к. 2",получатель
Ненецкий АО,д. Обнинск,"пер. Заозерный, д. 87 стр. 5/3",получатель
Оренбургская обл.,д. Прохладный,"бул. Дачный, д. 3/7 к. 4",отправитель
респ. Крым,г. Архангельск,"бул. Юности, д. 4",отправитель
Волгоградская обл.,к. Кудымкар,"алл. Главная, д. 4 стр. 5",отправитель
Курганская обл.,с. Лысьва,"алл. Снежная, д. 40 к. 7/2",получатель
Краснодарский край,клх Курильск,"наб. Воровского, д. 6/5 стр. 8/7",отправитель
Красноярский край,ст. Рыбинск,"наб. Добролюбова, д. 1 к. 9/9",получатель
Забайкальский край,клх Улан-Удэ,"наб. Слободская, д. 4/1",получатель
респ. Коми,д. Новороссийск,"бул. Центральный, д. 262 стр. 6",отправитель
Пермский край,п. Учалы,"пер. 40 лет Октября, д. 6/8",отправитель
Псковская обл.,д. Агата,"алл. Депутатская, д. 899 стр. 7",отправитель
Ростовская обл.,с. Арзамас,"бул. Макаренко, д. 3/3",получатель
Алтайский край,клх Туруханск,"наб. Театральная, д. 6/8 к. 18",получатель
Ненецкий АО,клх Сарапул,"ш. Гвардейское, д. 3/4",отправитель
респ. Чувашия,д. Вилюйск,"ш. Среднее, д. 1 к. 5",отправитель
Тверская обл.,клх Владивосток,"наб. Раздольная, д. 2/6 стр. 3",отправитель
Мурманская обл.,ст. Дербент,"бул. Химиков, д. 1/6",получатель
Тамбовская обл.,д. Волгодонск,"наб. Кольцевая, д. 63",получатель
респ. Адыгея,с. Невельск,"пер. Рязанский, д. 425 к. 8/3",получатель
Алтайский край,с. Миасс,"пер. Вишневый, д. 50",получатель
респ. Башкортостан,к. Гдов,"ш. Шишкина, д. 81",отправитель
Еврейская АО,к. Котельнич,"пр. Минина, д. 3",отправитель
Новгородская обл.,ст. Бавлы,"алл. Российская, д. 1 стр. 3",получатель
Красноярский край,клх Североморск,"ш. Амурское, д. 17",отправитель
респ. Бурятия,п. Сунтар,"бул. Украинский, д. 3/3",получатель
Забайкальский край,г. Уренгой,"ул. Московская, д. 3",получатель
респ. Калмыкия,ст. Дербент,"наб. Баумана, д. 6/6 к. 1",получатель
Ненецкий АО,п. Калач-на-Дону,"бул. Ломоносова, д. 3/8",отправитель
Белгородская обл.,к. Воткинск,"алл. Братская, д. 6/2 стр. 50",получатель
Ярославская обл.,п. Кисловодск,"ул. Сибирская, д. 276 стр. 52",получатель
Кемеровская обл.,д. Солнечногорск,"наб. Дзержинского, д. 3 к. 9/6",отправитель
Белгородская обл.,с. Батайск,"пер. Кирпичный, д. 616 к. 2/5",получатель
Рязанская обл.,г. Неплюевка,"ул. Советская, д. 5 к. 4",получатель
респ. Чечня,клх Саратов,"ш. Челюскинцев, д. 91 стр. 40",получатель
Кировская обл.,д. Ребриха,"пр. Бульварный, д. 86",получатель
респ. Калмыкия,клх Якша,"алл. Песчаная, д. 8 к. 54",получатель
Ханты-Мансийский АО,г. Троицк (Челяб.),"бул. Целинный, д. 560",отправитель
Саратовская обл.,ст. Мокшан,"наб. Кошевого, д. 65 к. 79",получатель
респ. Кабардино-Балкария,г. Калининград,"наб. Лазо, д. 45",отправитель
Курская обл.,к. Красногорск (Моск.),"ш. Юности, д. 692",получатель
респ. Ингушетия,с. Нижнекамск,"алл. Клары Цеткин, д. 504 к. 672",отправитель
Тверская обл.,п. Красная Поляна,"алл. Мая 1, д. 2 к. 693",получатель
Калужская обл.,п. Иваново,"пр. Ушакова, д. 7/8",получатель
Ханты-Мансийский АО,к. Тихвин,"пер. Чернышевского, д. 50 к. 89",получатель
Ямало-Ненецкий АО,клх Новосибирск,"ул. Ленинская, д. 8 к. 8/1",получатель
респ. Мордовия,ст. Воркута,"алл. Верхняя, д. 59",получатель
Краснодарский край,ст. Мелеуз,"пр. Инженерный, д. 87",получатель
Камчатский край,с. Магадан,"наб. Энергетическая, д. 5/2 к. 3",получатель
Ямало-Ненецкий АО,клх Зеленогорск (Ленин.),"пр. Большой, д. 696",получатель
Псковская обл.,д. Мелеуз,"алл. Просвещения, д. 4 стр. 98",отправитель
респ. Крым,д. Гагарин,"наб. Жданова, д. 416",получатель
Приморский край,к. Рубцовск,"бул. Ветеранов, д. 9/2 к. 935",получатель
Калужская обл.,к. Дно,"бул. Репина, д. 122 стр. 7",получатель
Тамбовская обл.,клх Мокшан,"пер. Мирный, д. 63 к. 1",получатель
Ханты-Мансийский АО,д. Магадан,"пер. Вокзальный, д. 129 к. 268",получатель
Ненецкий АО,с. Чокурдах,"алл. Казачья, д. 576",отправитель
Ставропольский край,д. Ижевск,"бул. 50 лет Октября, д. 8/1 к. 6/7",получатель
Алтайский край,г. Асино,"ул. Хвойная, д. 684 стр. 9",получатель
Приморский край,клх Хасавюрт,"пр. Аэродромный, д. 508",отправитель
Ханты-Мансийский АО,д. Шали,"ш. Амурское, д. 20",получатель
Оренбургская обл.,с. Макушино,"наб. Вольная, д. 29",получатель
Ямало-Ненецкий АО,г. Быково (метеост.),"наб. Тракторная, д. 2 к. 51",отправитель
Белгородская обл.,п. Борзя,"пр. Просвещения, д. 6/8 стр. 570",отправитель
респ. Ингушетия,с. Ржев,"бул. Высоцкого, д. 781 стр. 61",отправитель
Приморский край,ст. Цимлянск,"бул. Некрасова, д. 902",получатель
Ненецкий АО,д. Тулпан,"алл. Луначарского, д. 156 к. 331",получатель
Калининградская обл.,п. Шатой,"ш. Литейное, д. 7/5 к. 8",отправитель
Хабаровский край,д. Белорецк,"пер. Семашко, д. 18",отправитель
Саратовская обл.,г. Лабытнанги,"наб. Парижской Коммуны, д. 7 стр. 143",получатель
Тверская обл.,г. Костомукша,"ул. Малая, д. 72 к. 5",отправитель
Хабаровский край,п. Ясный (Оренб.),"алл. Нефтяников, д. 16 стр. 8",получатель
Забайкальский край,к. Старый Оскол,"пр. Победы, д. 9 стр. 748",отправитель
Забайкальский край,к. Домбай,"бул. М.Горького, д. 333 к. 4/1",получатель
респ. Карачаево-Черкесия,г. Ербогачен,"ш. Пригородное, д. 9/7 к. 711",получатель
респ. Удмуртия,клх Беслан,"бул. Прибрежный, д. 7 к. 1/8",отправитель
респ. Коми,д. Лазаревское,"ул. Линейная, д. 829 к. 787",отправитель
Тульская обл.,к. Кинешма,"бул. Ломоносова, д. 18 стр. 178",получатель
респ. Алтай,с. Таштагол,"алл. Макаренко, д. 6 к. 29",получатель
Ханты-Мансийский АО,к. Котельнич,"ул. Тимирязева, д. 9/1 стр. 4",получатель
Ямало-Ненецкий АО,п. Мураши,"пер. Менделеева, д. 5/6 стр. 338",отправитель
Ямало-Ненецкий АО,п. Нерчинск,"пр. Кочубея, д. 1",отправитель
Чукотский АО,к. Кимры,"пр. Союзный, д. 52 стр. 9",отправитель
Ямало-Ненецкий АО,д. Южно-Курильск,"ул. Локомотивная, д. 76 к. 3/9",отправитель
Оренбургская обл.,с. Тверь,"пер. Щетинкина, д. 12",получатель
респ. Дагестан,ст. Чехов,"бул. Пограничный, д. 3/2",получатель
Ростовская обл.,п. Стерлитамак,"бул. Чехова, д. 93 стр. 6",отправитель
Еврейская АО,г. Кулу,"пер. Ясный, д. 4/4 стр. 5",отправитель
Воронежская обл.,с. Сергиев Посад,"бул. Олега Кошевого, д. 903",получатель
Пермский край,г. Баксан,"алл. Казачья, д. 29 к. 11",отправитель
Ханты-Мансийский АО,д. Кежма,"ш. 9 мая, д. 3/1",отправитель
Чукотский АО,с. Щелково,"бул. Донской, д. 39 стр. 75",отправитель
респ. Чечня,с. Поронайск,"бул. Просторный, д. 506",получатель
Волгоградская обл.,г. Джейрах,"бул. Высоцкого, д. 11 к. 475",получатель
Алтайский край,п. Нефтегорск (Самар.),"ш. Депутатское, д. 3",получатель
Пермский край,п. Игарка,"алл. Детская, д. 96",отправитель
Ямало-Ненецкий АО,п. Вытегра,"наб. Родниковая, д. 1/2 стр. 96",отправитель
респ. Дагестан,к. Санкт-Петербург,"ул. Казачья, д. 649 к. 95",получатель
Алтайский край,к. Красноярск,"наб. Достоевского, д. 520 к. 60",получатель
респ. Кабардино-Балкария,д. Магас,"бул. Деповский, д. 45 стр. 18",отправитель
Приморский край,ст. Железногорск(Курск.),"ул. 50 лет Победы, д. 92 стр. 5/7",получатель
Тверская обл.,п. Зеленогорск (Ленин.),"ш. Приморское, д. 7 к. 18",отправитель
Пермский край,ст. Торжок,"бул. Промышленный, д. 8 стр. 1",отправитель
Пермский край,п. Одинцово,"ул. Есенина, д. 9 к. 800",получатель
респ. Тыва,клх Усть-Баргузин,"наб. Ульянова, д. 6/8",получатель
Еврейская АО,с. Тулун,"ш. Слободское, д. 881 к. 1",получатель
Ханты-Мансийский АО,ст. Баксан,"ул. Рыбацкая, д. 4/3",отправитель
Забайкальский край,д. Новомичуринск,"пер. Тракторный, д. 7 к. 9",получатель
Ненецкий АО,д. Щельяюр,"ул. Пушкина, д. 92",получатель
Ямало-Ненецкий АО,с. Пинега,"алл. Нефтяников, д. 3/7 стр. 34",получатель
Владимирская обл.,п. Мурманск,"ш. Мельничное, д. 96",отправитель
респ. Саха (Якутия),клх Хатанга,"пр. Папанина, д. 3/3",получатель
Новосибирская обл.,д. Голицыно,"ул. Островского, д. 7/8",получатель
Ямало-Ненецкий АО,ст. Баргузин,"наб. Фадеева, д. 8 стр. 556",отправитель
Приморский край,п. Токма,"наб. Детская, д. 9/9 к. 52",отправитель
Белгородская обл.,г. Карабудахкент,"пер. Сиреневый, д. 7/6",отправитель
респ. Карачаево-Черкесия,к. Рыбинск,"пер. Дзержинского, д. 43",отправитель
респ. Чувашия,с. Нефтеюганск,"пр. Войкова, д. 5/9",отправитель
Рязанская обл.,г. Воркута,"бул. Республиканский, д. 22 к. 76",получатель
Чукотский АО,с. Тимашевск,"алл. Озерная, д. 1/1 к. 6/2",отправитель
Ставропольский край,ст. Кетченеры,"алл. Каштановая, д. 463",отправитель
Белгородская обл.,п. Ярославль,"алл. Фурманова, д. 1/7",получатель
Тюменская обл.,к. Шерегеш,"пр. Королева, д. 9 стр. 7",отправитель
Еврейская АО,п. Сальск,"ш. Осипенко, д. 60",отправитель
респ. Хакасия,клх Кедровый,"ул. Дзержинского, д. 4/3 стр. 261",отправитель
Красноярский край,г. Калач,"пер. Кутузова, д. 47 стр. 80",отправитель
Амурская обл.,с. Туруханск,"бул. Приозерный, д. 3/7 стр. 793",отправитель
респ. Крым,клх Якша,"бул. Мелиораторов, д. 74 стр. 8",отправитель
Краснодарский край,клх Учалы,"бул. Вахитова, д. 6",получатель
Саратовская обл.,с. Асбест,"наб. Саратовская, д. 5 стр. 9/1",отправитель
Хабаровский край,с. Шаховская,"бул. Красный, д. 80 к. 9/4",получатель
Забайкальский край,клх Ялуторовск,"пр. 9 Января, д. 354 к. 7/4",получатель
Ямало-Ненецкий АО,клх Тамбей,"ул. Чернышевского, д. 91 к. 51",получатель
Калининградская обл.,п. Долинск,"пер. Первомайский, д. 29 к. 826",получатель
Еврейская АО,клх Шатура,"пер. Осенний, д. 97",получатель
Ставропольский край,д. Урюпинск,"бул. Харьковский, д. 362 стр. 4/6",получатель
Пермский край,г. Белый Яр (Томск.),"ш. Луговое, д. 354",отправитель
Архангельская обл.,г. Каменск-Шахтинский,"ул. Розы Люксембург, д. 224 стр. 917",получатель
Чукотский АО,с. Далматово,"ул. Школьная, д. 9 стр. 6/2",получатель
Курганская обл.,г. Плесецк,"ул. Черемушки, д. 8/5",получатель
Забайкальский край,клх Шумиха,"ул. Черняховского, д. 810 к. 109",отправитель
Пензенская обл.,д. Вендинга,"алл. Партизанская, д. 25 к. 712",получатель
респ. Башкортостан,ст. Шатура,"бул. Шахтерский, д. 9 к. 328",получатель
респ. Хакасия,ст. Анапа,"ул. Ленинская, д. 2/2",получатель
респ. Удмуртия,д. Ноябрьск,"ш. Войкова, д. 694",получатель
Ямало-Ненецкий АО,п. Казань,"алл. Почтовая, д. 530 стр. 661",получатель
Еврейская АО,д. Карабулак,"пр. Чайкиной, д. 2 стр. 4/1",получатель
Ямало-Ненецкий АО,клх Калуга,"ул. Приозерная, д. 873 к. 670",получатель
Ханты-Мансийский АО,ст. Пышма,"пер. Балтийский, д. 209",отправитель
Забайкальский край,с. Таганрог,"ул. Элеваторная, д. 5",отправитель
Ненецкий АО,г. Камышлов,"ш. Черноморское, д. 80 к. 8/8",получатель
Красноярский край,п. Шилка,"пер. Свободы, д. 6/8",получатель
Еврейская АО,п. Медногорск,"наб. Фурманова, д. 2/1 стр. 8",получатель
Ненецкий АО,с. Соль-Илецк,"пер. Огородный, д. 414 к. 76",получатель
Сахалинская обл.,п. Советский,"алл. Красноярская, д. 79 к. 4/2",отправитель
Красноярский край,к. Дзержинск,"пр. Ярославский, д. 8 стр. 9/4",отправитель
Еврейская АО,д. Североуральск,"ул. Огородная, д. 9 к. 8",получатель
Тверская обл.,ст. Крымск,"наб. Надежды, д. 9",получатель
Кировская обл.,п. Черкесск,"наб. Троицкая, д. 24 стр. 56",отправитель
Тверская обл.,п. Руза,"ул. Толбухина, д. 264 к. 610",получатель
Хабаровский край,ст. Братск,"ш. Новое, д. 40 стр. 3/1",получатель
Ненецкий АО,клх Нижний Тагил,"ул. Разина, д. 629",отправитель
Вологодская обл.,к. Середниково,"ул. Ломоносова, д. 9 стр. 27",отправитель
Ханты-Мансийский АО,с. Звенигород,"ул. Репина, д. 6",получатель
респ. Хакасия,ст. Тында,"бул. Краснопартизанский, д. 2",отправитель
респ. Дагестан,с. Зарайск,"пр. 40 лет Октября, д. 4 к. 637",получатель
Ярославская обл.,д. Медногорск,"пр. Огородный, д. 4",получатель
Красноярский край,г. Лотошино,"пер. Индустриальный, д. 7/7",отправитель
Алтайский край,с. Белый Яр (Томск.),"ул. Гражданская, д. 8/6 к. 236",получатель
Новосибирская обл.,ст. Шилка,"пер. Седова, д. 90 к. 8",получатель
Краснодарский край,к. Самара,"бул. Инженерный, д. 63 стр. 76",отправитель
Томская обл.,к. Шенкурск,"ул. Космонавтов, д. 384",отправитель
Краснодарский край,к. Серафимович,"бул. Абрикосовый, д. 61 стр. 63",отправитель
Краснодарский край,г. Хасавюрт,"наб. Водников, д. 7 стр. 619",получатель
респ. Коми,к. Александровск-Сахалинский,"алл. Комарова, д. 3",получатель
Кемеровская обл.,г. Рыбинск,"алл. Геологов, д. 66 к. 5",получатель
Приморский край,п. Нижнекамск,"ш. Гафури, д. 5",отправитель
Ульяновская обл.,г. Омск,"наб. Щорса, д. 16",отправитель
Еврейская АО,д. Дубна,"наб. Ягодная, д. 16 к. 174",получатель
Ставропольский край,п. Малая Вишера,"алл. Гафури, д. 9/1 стр. 9",получатель
Забайкальский край,д. Алексин,"наб. Шмидта, д. 3 к. 2",получатель
респ. Дагестан,к. Нефедова,"ул. Геологов, д. 9/9 стр. 1",отправитель
Ямало-Ненецкий АО,ст. Урюпинск,"алл. Восточная, д. 7/2 стр. 424",отправитель
Ненецкий АО,ст. Кызыл,"алл. Азина, д. 6 стр. 553",отправитель
Иркутская обл.,ст. Кетченеры,"пер. Бабушкина, д. 5/7 стр. 2",отправитель
Еврейская АО,клх Кежма,"ш. Высоцкого, д. 37",получатель
респ. Саха (Якутия),п. Любань,"ул. Угловая, д. 8 стр. 842",получатель
Красноярский край,клх Архангельск,"пер. Байкальский, д. 8/2 стр. 288",получатель
Московская обл.,г. Руза,"алл. Полярная, д. 9 к. 52",отправитель
Калужская обл.,ст. Солнечногорск,"пр. Зеленый, д. 673 к. 666",получатель
Хабаровский край,д. Печенга,"пер. Песчаный, д. 9 стр. 527",отправитель
Ханты-Мансийский АО,п. Бронницы,"пр. Энгельса, д. 25 стр. 8",отправитель
Красноярский край,п. Бологое,"наб. Васильковая, д. 28 к. 75",отправитель
Ханты-Мансийский АО,ст. Борзя,"ул. Ворошилова, д. 637",получатель
Еврейская АО,ст. Краснотурьинск,"пер. Белинского, д. 8/3",отправитель
Ханты-Мансийский АО,п. Сасово,"бул. Азовский, д. 45",отправитель
Ханты-Мансийский АО,п. Серебряные Пруды,"алл. Абрикосовая, д. 37 к. 6/8",отправитель
Тверская обл.,д. Невьянск,"пер. Войкова, д. 4/6 к. 31",получатель
респ. Хакасия,д. Дербент,"наб. Приозерная, д. 1",отправитель
Ямало-Ненецкий АО,г. Орел,"пер. Коммунальный, д. 613 к. 3",отправитель
респ. Удмуртия,ст. Канск,"алл. Поперечная, д. 68",получатель
Ямало-Ненецкий АО,д. Уэлен,"ул. Тургенева, д. 4",отправитель
Ямало-Ненецкий АО,г. Дивногорск,"пер. Городской, д. 1 к. 779",отправитель
респ. Алтай,клх Коломна,"наб. Ленская, д. 905 к. 69",отправитель
Чукотский АО,д. Воскресенск,"пр. Крестьянский, д. 5",отправитель
Камчатский край,ст. Миллерово,"ул. Детская, д. 90 к. 217",получатель
Ростовская обл.,с. Верхний Уфалей,"бул. Новосельский, д. 17",получатель
Ханты-Мансийский АО,к. Воронеж,"пер. Березовый, д. 8/2",получатель
Забайкальский край,клх Саянск,"пер. 40 лет Победы, д. 6/4 стр. 4/4",отправитель
Вологодская обл.,с. Солнечногорск,"бул. Болотный, д. 295",получатель
респ. Коми,д. Меренга,"пр. Новостройка, д. 3/5 стр. 9/2",получатель
Курганская обл.,ст. Каргасок,"алл. Мелиоративная, д. 6/5 к. 939",отправитель
респ. Ингушетия,ст. Домбай,"бул. Ягодный, д. 3 к. 6",получатель
Забайкальский край,д. Хоста,"пр. Юности, д. 108",отправитель
респ. Мордовия,д. Соликамск,"ш. Пригородное, д. 763 стр. 799",получатель
Ямало-Ненецкий АО,клх Элиста,"пр. Фестивальный, д. 7/8",отправитель
Камчатский край,г. Алексин,"пер. Технический, д. 39 к. 1/3",получатель
Пермский край,клх Самара,"ул. Строителей, д. 2",получатель
Красноярский край,ст. Ангарск,"алл. Халтурина, д. 733 стр. 872",получатель
респ. Удмуртия,к. Камышлов,"алл. Октября, д. 5/4",получатель
респ. Ингушетия,к. Березники,"алл. Макаренко, д. 2/7 стр. 35",получатель
Смоленская обл.,с. Гусь-Хрустальный,"пер. Комарова, д. 862 к. 303",отправитель
Еврейская АО,п. Калачинск,"бул. Победа, д. 3 стр. 778",получатель
Саратовская обл.,п. Минеральные Воды,"пр. Смоленский, д. 934 к. 7/7",получатель
респ. Тыва,клх Тында,"ш. Малое, д. 780 стр. 129",отправитель
Свердловская обл.,клх Чебоксары,"наб. Заливная, д. 95 к. 7/8",отправитель
Волгоградская обл.,к. Кизел,"наб. Хуторская, д. 322",получатель
Саратовская обл.,г. Цимлянск,"пр. Рабочий, д. 35",получатель
респ. Алтай,г. Горячинск,"ш. Комарова, д. 51 стр. 7/9",отправитель
Хабаровский край,с. Холмск,"ш. Клары Цеткин, д. 4/7 к. 3/6",отправитель
респ. Мордовия,г. Октябрьский (Башк.),"бул. Павлика Морозова, д. 89 к. 1",получатель
Пермский край,г. Кирово-Чепецк,"ш. Пушкинское, д. 197 стр. 6",получатель
Ямало-Ненецкий АО,п. Сусуман,"ш. Красногвардейское, д. 25 к. 45",получатель
Приморский край,с. Городовиковск,"алл. Механическая, д. 347 стр. 17",отправитель
Чукотский АО,д. Внуково (метеост.),"пр. Огородный, д. 771 к. 700",отправитель
респ. Саха (Якутия),к. Онега,"наб. Хвойная, д. 82",получатель
Мурманская обл.,клх Беслан,"алл. Вахитова, д. 74 к. 41",отправитель
Новгородская обл.,п. Голицыно,"наб. Победа, д. 8/6 к. 3/3",получатель
Ханты-Мансийский АО,клх Курильск,"пр. Степной, д. 8/3",получатель
респ. Хакасия,ст. Шереметьево,"бул. Революционный, д. 8/7 к. 595",получатель
Камчатский край,п. Хасан,"ш. Строительное, д. 8/3",получатель
Приморский край,п. Томск,"алл. Высоцкого, д. 7/5",получатель
Приморский край,п. Абакан,"ш. Машиностроителей, д. 2/9",получатель
Тульская обл.,к. Миасс,"пр. Трудовой, д. 9 стр. 126",получатель
Краснодарский край,к. Курск,"бул. Крылова, д. 4 к. 361",отправитель
Чукотский АО,с. Березники,"ш. Больничное, д. 7/1 стр. 70",отправитель
Ярославская обл.,д. Балтийск,"наб. Коммуны, д. 20 к. 911",получатель
респ. Удмуртия,г. Елец,"пер. Автомобилистов, д. 60 стр. 982",отправитель
Пермский край,с. Лодейное Поле,"бул. Революции, д. 4 стр. 6/3",получатель
Московская обл.,ст. Урюпинск,"ул. Южная, д. 73 к. 268",отправитель
респ. Татарстан,к. Воркута,"ш. Покровское, д. 9/8",отправитель
респ. Адыгея,г. Гдов,"ул. Крупской, д. 61 к. 5/3",отправитель
Красноярский край,к. Туруханск,"пр. Рязанский, д. 6",получатель
Ямало-Ненецкий АО,клх Каргасок,"бул. Глинки, д. 9 к. 1",отправитель
Камчатский край,д. Домбай,"пер. Технический, д. 933 стр. 2/2",получатель
Ненецкий АО,ст. Саянск,"бул. Запрудный, д. 8/3 к. 4/7",отправитель
Хабаровский край,с. Шенкурск,"наб. Братская, д. 28 к. 236",отправитель
респ. Северная Осетия - Алания,к. Невельск,"ул. Розы Люксембург, д. 415",отправитель
респ. Адыгея,клх Учалы,"пер. Плеханова, д. 4 стр. 2/6",получатель
Ханты-Мансийский АО,п. Салават,"пер. Детский, д. 4/4",отправитель
респ. Саха (Якутия),к. Осташков,"пр. Королева, д. 7/7 стр. 926",получатель
Ямало-Ненецкий АО,с. Гусь-Хрустальный,"пер. Широкий, д. 8/6 к. 806",получатель
Ямало-Ненецкий АО,г. Братск,"пер. Российский, д. 4/5 к. 18",получатель
Еврейская АО,ст. Кетченеры,"ул. Саратовская, д. 723 стр. 9/8",отправитель
респ. Тыва,с. Северобайкальск,"ш. Пограничное, д. 227 стр. 649",получатель
Пермский край,ст. Армавир,"ш. Высокое, д. 67",получатель
Ставропольский край,к. Кропоткин (Краснод.),"пр. Заводской, д. 5",получатель
Магаданская обл.,г. Южно-Курильск,"бул. Окружной, д. 9",отправитель
респ. Марий-Эл,ст. Устюжна,"бул. Механизаторов, д. 53 стр. 5",отправитель
Белгородская обл.,г. Ногинск (Моск.),"ш. Олимпийское, д. 270 стр. 2/3",отправитель
Ненецкий АО,клх Березники,"ул. Озерная, д. 9 к. 1",отправитель
респ. Калмыкия,г. Всеволожск,"ш. 9 Января, д. 678 к. 329",получатель
Ямало-Ненецкий АО,п. Дагомыс,"бул. Таежный, д. 17",отправитель
Ханты-Мансийский АО,с. Стерлитамак,"наб. 60 лет СССР, д. 6 к. 3",получатель
Пермский край,клх Уссурийск,"алл. Интернациональная, д. 9/8",получатель
Алтайский край,г. Мытищи,"пр. Молодежный, д. 7/6 стр. 8/8",отправитель
Ненецкий АО,клх Тарко-Сале,"ул. Ягодная, д. 2/1 к. 1/7",получатель
Ханты-Мансийский АО,к. Лазаревское,"пер. Народный, д. 7/3",отправитель
Ямало-Ненецкий АО,д. Таганрог,"ш. Овражное, д. 62 к. 922",получатель
Кировская обл.,д. Майкоп,"пр. 30 лет Победы, д. 4",получатель
Чукотский АО,клх Вязьма,"бул. Проточный, д. 859",отправитель
Камчатский край,г. Каменномостский,"ул. Чернышевского, д. 59 к. 7",отправитель
респ. Чувашия,клх Усть-Калманка,"пр. Вокзальный, д. 16 стр. 60",получатель
