order_id,item_name,quantity
1,изменение,51
1,школьный,61
1,покидать,2
1,войти,72
1,второй,36
2,магазин,40
2,очутиться,54
2,чувство,30
2,головной,40
3,пространство,51
3,похороны,66
3,услать,61
3,лапа,42
3,материя,74
3,неожиданный,55
4,прежний,38
4,зеленый,82
4,дальний,12
4,валюта,23
4,нажать,6
5,висеть,89
5,радость,51
5,хлеб,23
5,промолчать,88
6,потом,10
7,заработать,95
7,рот,56
7,плод,80
7,чем,23
7,рис,52
7,место,45
7,добиться,16
8,художественный,98
8,развитый,62
8,развитый,89
8,отъезд,26
8,процесс,66
8,покинуть,70
8,следовательно,82
8,покидать,91
8,казнь,14
8,место,100
9,применяться,40
10,мягкий,16
10,валюта,68
10,падать,15
10,лететь,43
10,проход,82
11,вскинуть,22
11,кпсс,38
11,стакан,76
11,секунда,41
11,коричневый,16
12,правый,40
12,товар,60
12,заплакать,8
13,самостоятельно,32
13,руководитель,55
13,помолчать,93
13,пересечь,86
13,художественный,30
13,поймать,50
13,бригада,86
13,появление,7
13,триста,9
13,школьный,9
14,пространство,81
14,опасность,88
14,мелькнуть,79
15,плясать,72
15,поймать,34
15,дружно,76
15,развернуться,88
15,войти,35
15,мелькнуть,60
15,исследование,60
15,цель,60
15,монета,39
16,зеленый,20
16,потянуться,25
16,приходить,10
16,степь,32
16,светило,16
16,пятеро,63
16,написать,13
16,тусклый,70
16,обида,8
17,назначить,99
17,нож,56
17,тысяча,89
17,разуметься,69
17,заявление,22
17,конференция,53
17,ученый,80
18,вывести,89
18,избегать,15
18,экзамен,23
18,сохранять,5
18,четыре,25
18,свежий,51
18,налоговый,78
18,беспомощный,6
19,нервно,59
19,очко,19
19,художественный,16
19,солнце,73
19,даль,97
19,жидкий,32
19,дыхание,16
20,белье,80
20,ягода,32
20,освобождение,98
20,уничтожение,28
20,запеть,38
20,редактор,93
20,жидкий,53
21,появление,40
21,назначить,48
21,соответствие,94
21,выгнать,81
21,около,4
21,лиловый,11
21,совет,54
21,другой,33
21,выразить,2
21,свежий,11
22,функция,13
22,палец,58
22,слать,40
22,роскошный,99
22,изучить,73
22,триста,58
22,голубчик,2
22,скрытый,97
23,смеяться,83
23,плод,38
23,ребятишки,71
23,мимо,59
23,мера,55
23,отражение,90
24,затянуться,7
24,пропаганда,68
24,заявление,57
24,развернуться,55
24,пропаганда,16
24,выраженный,57
24,человечек,15
24,банда,53
24,число,94
24,угодный,10
25,научить,16
25,ручей,95
25,покидать,95
25,пол,6
25,уточнить,40
25,пропадать,28
25,смертельный,61
26,крутой,47
26,приходить,35
26,падать,83
26,функция,22
26,растеряться,4
26,мусор,47
26,похороны,94
27,строительство,98
27,а,82
28,руководитель,72
28,вскинуть,62
28,угроза,33
29,смертельный,85
29,один,40
30,зато,60
30,монета,74
30,присесть,88
31,дыхание,76
31,услать,28
31,изба,91
31,вариант,29
31,оставить,29
31,встать,81
31,кольцо,10
32,сомнительный,82
32,оставить,38
33,девка,66
33,поезд,72
33,природа,27
33,покидать,89
33,тревога,69
33,наткнуться,94
33,спасть,69
34,сутки,90
34,свежий,97
34,левый,33
34,избегать,5
34,избегать,99
34,висеть,18
34,покидать,26
34,провинция,73
34,ремень,50
35,еврейский,95
35,очередной,48
35,счастье,100
35,полоска,42
35,заявление,28
35,мгновение,19
35,холодно,9
35,указанный,10
35,четыре,51
35,сбросить,59
36,мрачно,4
36,еврейский,5
37,житель,57
37,поздравлять,62
37,угол,56
37,пол,94
37,труп,77
38,другой,43
38,бок,60
38,зато,96
39,пропаганда,2
39,изба,91
39,кидать,7
39,военный,99
39,неправда,64
39,плод,83
39,заявление,76
39,слишком,33
40,сутки,20
40,промолчать,92
40,плавно,83
41,смеяться,48
41,ярко,59
41,затянуться,98
41,пятеро,31
41,теория,10
42,валюта,43
42,волк,80
42,вскакивать,15
42,июнь,57
42,расстегнуть,75
43,сынок,14
43,коричневый,93
43,страсть,78
43,правление,18
43,ленинград,59
43,степь,1
43,более,60
43,исполнять,70
44,бабочка,91
44,неудобно,26
44,освободить,82
44,салон,21
45,избегать,5
45,назначить,74
45,находить,91
45,монета,52
45,невыносимый,18
45,через,54
45,полюбить,48
45,природа,93
45,сверкающий,74
45,скользить,26
46,ныне,59
46,разнообразный,57
46,виднеться,89
47,ход,57
47,посидеть,54
47,дальний,58
47,рота,43
48,жить,90
48,столетие,74
48,помимо,70
48,слать,20
48,дорогой,25
48,реклама,37
49,факультет,31
50,правый,61
50,освобождение,66
50,анализ,54
50,крыса,26
50,похороны,68
50,крыса,44
50,пламя,29
50,инструкция,4
50,помимо,84
50,страсть,40
51,порода,64
51,приличный,38
51,витрина,18
51,рабочий,31
51,ночь,33
51,мелочь,88
51,плод,67
51,пастух,26
52,привлекать,21
52,командир,24
52,покидать,6
52,полюбить,66
52,вперед,43
53,военный,14
53,низкий,100
53,освобождение,40
53,неправда,36
53,неправда,28
53,ложиться,100
54,функция,2
55,горький,83
55,миг,3
55,хлеб,13
55,бочок,74
55,поезд,46
56,важный,69
56,цепочка,18
56,заявление,9
56,пересечь,9
56,умирать,31
56,мгновение,39
56,сбросить,89
56,задержать,16
56,вздрогнуть,58
57,пересечь,27
57,соответствие,11
57,необычный,31
57,даль,71
57,пропаганда,28
57,свежий,73
58,коллектив,33
58,зарплата,35
58,намерение,3
58,очередной,68
59,отметить,9
59,кожа,89
60,засунуть,95
61,развернуться,62
61,командир,84
61,граница,77
61,реклама,78
61,единый,92
61,провинция,13
61,подземный,63
61,сопровождаться,17
62,рассуждение,7
62,набор,99
62,премьера,82
62,теория,15
62,выдержать,99
62,что,27
63,сверкать,45
63,вскакивать,75
63,девка,75
63,решетка,54
63,падаль,26
63,неправда,20
63,спасть,98
63,райком,73
63,печатать,76
64,тяжелый,53
64,домашний,90
64,конструкция,91
65,поезд,25
65,вперед,55
66,падаль,88
67,увеличиваться,97
67,мрачно,36
67,господь,72
67,житель,78
67,покинуть,5
67,место,49
67,понятный,32
67,сутки,99
67,белье,11
67,монета,97
68,спичка,23
68,угол,93
68,зарплата,61
68,возможно,31
69,даль,91
69,дальний,82
69,белье,87
70,войти,72
70,лететь,29
70,издали,54
70,человечек,59
70,девка,44
70,заведение,12
70,поставить,37
70,витрина,6
71,роса,99
71,прелесть,84
71,бегать,6
71,порт,10
71,космос,43
71,пересечь,28
72,бочок,38
72,привлекать,21
72,зачем,57
72,дурацкий,25
72,блин,28
72,намерение,57
72,трясти,78
72,непривычный,22
73,мягкий,39
73,салон,42
74,актриса,81
74,настать,65
75,горький,2
75,четыре,50
76,потом,20
76,материя,44
76,манера,79
76,пятеро,74
76,космос,2
76,легко,56
76,около,41
76,результат,35
77,ответить,38
77,юный,34
77,художественный,70
77,миг,68
78,космос,7
78,видимо,70
78,серьезный,94
78,юный,73
78,казнь,24
78,видимо,56
78,бабочка,44
79,а,3
79,вывести,53
79,господь,79
79,правление,73
79,функция,89
80,уточнить,62
80,изучить,4
80,плод,64
80,подземный,43
80,возмутиться,85
80,грудь,4
81,спорт,43
81,угодный,32
82,механический,1
82,развернуться,81
82,мучительно,39
82,спалить,27
82,очутиться,93
83,кпсс,1
83,вряд,27
83,пасть,32
83,легко,84
83,приятель,18
83,появление,92
84,жить,92
84,роскошный,60
85,поговорить,11
85,близко,7
85,угроза,31
85,правление,40
85,сбросить,75
85,постоянный,64
85,конференция,12
85,спасть,70
85,место,88
85,дыхание,43
86,рис,48
86,степь,92
86,вывести,74
86,затянуться,91
86,тяжелый,71
86,научить,30
86,тута,71
87,функция,41
87,миг,66
87,радость,22
87,мимо,10
87,какой,77
87,сомнительный,12
87,мгновение,55
87,бак,17
88,мальчишка,75
88,висеть,40
88,прежде,50
88,исследование,100
88,снимать,65
89,табак,93
89,приятель,12
89,ученый,83
89,ягода,80
89,торговля,76
90,картинка,60
90,появление,41
90,поймать,52
90,необычный,89
90,способ,95
90,наслаждение,70
91,доставать,36
91,военный,96
91,плод,50
91,уничтожение,80
91,уточнить,85
91,ставить,47
91,поставить,25
91,развитый,87
92,поезд,16
93,сынок,26
93,сбросить,100
94,роса,50
94,интернет,59
94,результат,4
94,очутиться,75
94,пропасть,49
95,остановить,43
95,художественный,2
95,кузнец,98
95,волк,66
95,бак,90
95,плясать,16
95,головной,24
95,тусклый,8
95,приходить,39
95,вариант,85
96,за,42
97,налоговый,37
97,мимо,73
97,совещание,74
97,потом,34
98,более,45
98,князь,73
98,социалистический,4
98,заплакать,3
99,свежий,89
99,выгнать,15
99,научить,10
99,мелочь,90
99,засунуть,47
99,изображать,72
99,следовательно,17
99,человечек,37
99,бок,15
99,домашний,36
100,при,38
100,анализ,98
100,иной,12
100,поздравлять,69
100,смелый,80
100,сынок,60
101,горький,83
102,решение,59
102,господь,42
102,пасть,43
103,палка,33
103,спорт,6
103,монета,85
103,означать,84
103,потрясти,68
103,невыносимый,88
103,палка,26
104,результат,29
104,командир,3
105,космос,10
105,торговля,33
106,пол,52
107,рабочий,21
107,выражение,86
107,райком,56
107,теория,19
107,угроза,38
107,уточнить,35
107,выраженный,31
107,роскошный,14
107,ручей,17
108,куча,76
108,кидать,38
109,реклама,76
109,роса,66
109,товар,83
109,назначить,20
110,падать,53
110,лиловый,70
110,выраженный,30
110,карман,6
111,дальний,85
111,заявление,76
111,дошлый,5
111,пища,90
111,зима,83
111,промолчать,77
111,багровый,38
111,радость,91
111,изучить,10
111,аллея,78
112,разнообразный,41
112,господь,59
112,природа,100
112,вскакивать,11
112,угроза,14
112,присесть,38
112,дружно,77
112,приятель,38
113,важный,16
113,спорт,31
113,мелькнуть,66
113,изучить,7
113,цепочка,10
114,один,76
114,четко,15
114,передо,22
114,правый,77
114,кожа,21
114,крыса,75
114,рис,60
114,приходить,86
114,деловой,99
115,бок,55
115,пол,88
115,изба,53
115,сравнение,18
116,горький,100
116,тута,48
116,услать,82
116,табак,94
116,девка,30
116,вывести,3
116,анализ,28
117,разводить,27
117,ярко,77
117,запустить,52
118,конференция,7
118,терапия,77
118,еврейский,54
118,домашний,87
118,головка,95
118,деловой,51
118,посидеть,85
119,коричневый,34
119,прощение,4
119,коммунизм,74
119,единый,25
119,выбирать,33
119,лететь,59
119,командир,100
119,снимать,50
119,район,99
120,мусор,68
120,сынок,28
120,собеседник,44
120,еврейский,65
120,привлекать,52
120,актриса,10
120,кпсс,92
120,уничтожение,41
120,мягкий,78
121,товар,60
121,выдержать,53
121,упор,13
121,привлекать,90
121,песенка,13
121,разнообразный,66
121,стакан,9
121,школьный,63
122,рота,80
122,сверкающий,61
122,сомнительный,38
122,даль,27
122,выбирать,20
122,зима,38
122,грудь,73
123,зачем,6
123,господь,85
123,ремень,98
123,вытаскивать,86
123,висеть,66
123,вскакивать,48
123,природа,20
123,дорогой,97
124,грудь,67
124,армейский,13
124,анализ,48
124,налево,78
124,число,73
124,миг,90
125,трясти,89
125,головной,16
125,район,27
125,аж,58
126,вариант,31
126,металл,33
126,налево,71
126,мрачно,36
126,термин,78
126,лететь,62
126,разнообразный,6
126,термин,69
126,развитый,91
126,тревога,56
127,решение,69
127,упор,58
127,число,35
127,руководитель,54
127,тута,61
127,запретить,98
127,снимать,4
127,ботинок,8
127,чем,58
128,означать,51
128,пропадать,75
128,при,77
128,печатать,70
129,изображать,30
129,пастух,43
129,научить,39
129,построить,42
129,командир,20
129,житель,54
129,теория,46
129,ставить,100
129,банда,14
130,написать,51
131,чем,12
132,налоговый,94
132,виднеться,69
133,спорт,16
133,июнь,60
133,тюрьма,54
133,мимо,10
134,райком,54
134,выдержать,64
134,валюта,69
134,очередной,97
134,выдержать,44
135,господь,73
135,второй,38
135,командование,28
135,посвятить,36
135,вперед,47
136,ленинград,7
137,мотоцикл,3
137,жестокий,33
137,сравнение,42
137,юный,65
137,смеяться,17
138,покидать,10
138,труп,91
138,слишком,23
138,человечек,45
138,непривычный,60
138,наткнуться,29
138,вскакивать,51
138,пересечь,70
138,слишком,20
139,головной,11
139,торговля,36
139,приятель,29
139,хлеб,30
139,соответствие,32
139,протягивать,43
139,банк,45
139,июнь,57
139,доставать,100
139,неправда,32
140,военный,83
140,горький,8
140,проход,11
140,поезд,38
140,собеседник,15
140,теория,53
140,выразить,17
140,потрясти,53
140,спорт,72
140,ныне,54
141,изба,77
141,забирать,40
141,эпоха,67
141,налоговый,43
141,невозможно,98
141,вздрагивать,53
141,вывести,16
141,успокоиться,60
142,недостаток,32
142,поставить,16
142,висеть,68
142,дорогой,15
143,да,60
143,художественный,73
143,уточнить,77
143,июнь,54
143,привлекать,9
143,цель,94
143,пространство,52
143,демократия,2
143,написать,66
143,сверкающий,99
144,слишком,67
145,белье,45
146,тусклый,14
146,изменение,86
146,находить,75
146,естественный,40
146,багровый,14
146,вытаскивать,86
146,райком,91
147,необычный,88
148,налоговый,60
148,сравнение,38
148,актриса,25
148,выразить,73
148,задержать,59
148,бригада,94
149,художественный,2
149,вряд,69
149,ботинок,89
149,выбирать,75
149,выкинуть,67
149,голубчик,14
149,похороны,89
149,налево,94
149,парень,13
150,солнце,16
151,наткнуться,55
151,костер,52
151,естественный,15
152,налоговый,67
152,инфекция,71
152,костер,63
153,лететь,43
153,развернуться,72
153,табак,63
154,приятель,61
155,развернуться,16
155,добиться,13
155,бабочка,94
155,строительство,59
156,художественный,57
156,выкинуть,34
156,терапия,3
156,хозяйка,49
156,инвалид,6
156,демократия,70
156,демократия,68
157,бригада,41
157,рай,91
157,песенка,29
157,интернет,36
158,место,8
159,бегать,31
159,предоставить,3
159,пятеро,70
159,граница,6
159,наступать,87
159,неожиданно,18
159,сохранять,40
160,спешить,38
160,встать,93
160,а,80
160,ручей,74
160,другой,79
160,тюрьма,43
160,ярко,83
160,адвокат,33
160,гулять,16
161,построить,9
162,стакан,86
163,засунуть,84
164,природа,31
164,трубка,85
164,потянуться,82
164,настать,57
164,порядок,4
164,радость,10
164,зарплата,6
165,плавно,64
165,крыса,20
165,природа,33
165,граница,16
165,порог,48
165,возбуждение,36
165,очередной,54
165,порода,15
165,висеть,96
165,при,98
166,советовать,74
167,полюбить,43
167,поставить,75
167,полевой,73
168,художественный,38
168,избегать,64
168,кольцо,60
168,ныне,7
169,изучить,8
169,равнодушный,16
169,мрачно,81
169,зарплата,44
169,покидать,36
169,дьявол,6
169,увеличиваться,7
169,бак,57
169,выбирать,53
170,инвалид,10
170,вскинуть,67
170,госпожа,95
170,тута,52
170,строительство,94
171,кпсс,9
171,следовательно,1
171,промолчать,90
171,труп,28
171,витрина,59
171,июнь,10
171,командование,12
171,табак,59
172,танцевать,58
172,блин,96
172,изба,21
172,нажать,13
173,заработать,47
173,дурацкий,39
173,девка,23
173,июнь,58
173,монета,55
173,коммунизм,78
173,ботинок,58
173,руководитель,1
173,куча,71
174,встать,85
174,тута,10
174,интеллектуальный,79
175,беспомощный,75
175,что,71
175,очко,3
175,некоторый,73
175,самостоятельно,7
175,выкинуть,1
175,ребятишки,50
175,один,95
176,бочок,77
176,товар,40
176,танцевать,9
177,блин,91
177,основание,13
177,блин,27
177,висеть,42
177,ручей,82
178,каюта,9
178,сверкать,15
178,функция,9
178,настать,7
179,совещание,92
179,освободить,99
179,вчера,83
179,лиловый,58
179,спичка,17
179,падать,55
179,передо,10
179,вздрогнуть,50
179,провинция,63
180,спалить,35
180,увеличиваться,53
180,ботинок,91
180,умолять,42
181,поезд,47
181,прежде,23
181,виднеться,69
182,неожиданно,52
182,близко,93
182,помимо,8
183,предоставить,47
183,отъезд,32
184,смелый,41
185,сохранять,37
185,житель,93
185,заплакать,82
185,вздрогнуть,15
185,юный,33
186,перебивать,39
186,мера,47
186,развитый,57
186,иной,17
187,ягода,50
187,труп,94
187,какой,52
187,настать,13
187,прошептать,54
187,растеряться,9
187,невозможно,36
187,товар,100
187,коробка,96
188,способ,36
188,конференция,4
188,наступать,14
188,иной,42
188,порт,66
188,человечек,19
188,плясать,24
188,остановить,74
189,степь,44
189,гулять,77
189,ведь,65
189,функция,25
189,миг,77
189,лететь,36
189,домашний,97
189,уронить,24
190,проход,53
190,горький,70
190,славный,93
190,намерение,1
190,грудь,95
190,премьера,73
190,передо,62
190,лететь,33
190,бак,4
191,спешить,61
191,развернуться,21
191,угроза,86
191,результат,30
191,трубка,64
191,поговорить,3
191,отражение,60
192,страсть,2
192,командующий,39
192,задержать,37
192,товар,92
192,близко,52
192,угроза,83
193,порт,10
193,ведь,78
193,совет,52
193,устройство,43
193,картинка,100
193,ленинград,31
193,одиннадцать,49
193,столетие,87
193,затянуться,42
193,сутки,96
194,новый,50
194,иной,93
194,освободить,89
194,научить,23
194,умирать,50
194,носок,72
194,левый,76
194,еврейский,39
194,сопровождаться,35
194,вперед,88
195,разводить,27
196,реклама,79
196,функция,64
196,конференция,30
196,дыхание,66
196,район,55
196,четко,13
196,социалистический,42
196,жить,37
196,горький,76
196,зима,11
197,пол,81
197,житель,91
197,упорно,39
197,кольцо,18
197,протягивать,22
197,разнообразный,83
197,смертельный,39
197,совет,78
197,рабочий,57
197,около,34
198,счастье,6
198,протягивать,44
198,цвет,43
199,недостаток,98
199,командующий,55
199,видимо,32
199,князь,78
199,правление,26
199,пастух,59
199,дьявол,21
199,зато,31
199,смелый,77
199,вряд,9
200,очутиться,81
200,школьный,30
200,палка,14
200,приходить,3
201,тяжелый,65
201,космос,46
201,палец,47
201,тесно,85
202,мелькнуть,29
202,сопровождаться,84
202,головка,75
202,умирать,79
202,видимо,11
203,хлеб,31
203,затянуться,26
203,помимо,35
203,выдержать,46
203,намерение,59
203,угодный,8
203,социалистический,83
203,мальчишка,65
203,еврейский,60
203,правый,63
204,поздравлять,90
204,правильный,48
204,тяжелый,76
204,возможно,3
204,полевой,80
204,совещание,44
204,приличный,68
204,виднеться,13
204,основание,33
204,место,12
205,пропасть,31
205,сынок,93
205,оставить,6
205,достоинство,3
205,ход,62
205,еврейский,37
205,сынок,95
205,дрогнуть,48
205,эпоха,18
205,освобождение,51
206,наступать,56
206,спорт,59
206,редактор,72
206,что,7
206,приходить,1
206,порт,33
206,четыре,66
206,при,24
206,увеличиваться,41
206,кожа,71
207,выбирать,58
207,тюрьма,38
207,непривычный,41
207,металл,38
208,сохранять,57
209,боец,5
209,мера,89
209,скользить,60
209,находить,5
209,князь,38
209,серьезный,62
210,присесть,2
210,совет,40
210,спешить,97
210,кожа,41
210,упор,35
211,заработать,85
211,крыса,84
211,кольцо,71
211,мусор,88
211,мальчишка,4
211,июнь,2
211,ягода,73
211,потянуться,96
211,командир,87
211,плод,69
212,избегать,93
212,мелькнуть,52
213,коричневый,54
213,правление,75
213,труп,62
213,роскошный,75
213,видимо,12
214,поколение,58
215,сверкающий,64
215,изображать,67
215,запретить,22
215,освободить,82
215,новый,45
215,танцевать,59
215,доставать,28
216,страсть,13
216,светило,94
216,порт,65
216,беспомощный,33
216,багровый,99
216,при,55
216,боец,91
217,понятный,16
217,пространство,91
218,подробность,85
218,выдержать,34
218,товар,33
218,мальчишка,58
218,назначить,1
218,возбуждение,20
218,затянуться,15
218,блин,98
218,армейский,72
219,карман,6
219,оборот,58
219,зато,49
219,невыносимый,52
219,мучительно,97
219,возможно,83
219,труп,43
220,бетонный,80
220,достоинство,65
221,пламя,94
221,граница,50
222,правление,44
222,промолчать,5
222,упор,95
222,поймать,90
222,скрытый,44
222,редактор,76
222,витрина,12
223,появление,48
223,сохранять,33
223,около,26
223,деловой,43
224,руководитель,83
224,торопливый,14
225,следовательно,48
225,инфекция,15
225,даль,83
225,дрогнуть,93
225,конструкция,22
225,порода,26
225,манера,100
225,сынок,80
225,низкий,69
226,славный,15
226,плясать,23
226,поговорить,17
226,ложиться,39
226,слать,13
227,прошептать,3
227,торговля,81
227,порядок,32
227,июнь,64
227,выгнать,24
227,оборот,58
228,прощение,90
228,решетка,16
228,военный,40
228,находить,93
228,выгнать,82
229,второй,48
229,похороны,96
229,порог,40
229,вряд,12
229,труп,8
229,изображать,66
230,результат,46
230,ведь,23
230,терапия,36
230,самостоятельно,65
230,передо,65
230,военный,30
230,угроза,64
230,доставать,99
231,палка,83
232,светило,3
232,достоинство,42
233,монета,71
233,войти,95
233,расстегнуть,25
233,кольцо,34
234,около,97
234,ленинград,86
234,совет,46
235,функция,42
235,головной,72
235,зеленый,12
236,опасность,25
236,команда,98
236,хотеть,50
236,житель,14
236,недостаток,69
236,порт,60
236,товар,83
236,магазин,70
236,мелькнуть,13
236,очко,99
237,за,1
237,важный,47
237,дьявол,11
237,приятель,83
238,командир,92
238,торопливый,19
238,слишком,13
238,новый,38
238,налоговый,22
238,самостоятельно,16
238,налево,80
239,витрина,87
239,встать,69
239,тусклый,74
240,еврейский,93
240,новый,38
240,зеленый,48
240,художественный,20
240,адвокат,66
240,через,21
241,зима,100
241,функция,82
242,исследование,85
242,совещание,68
242,грустный,15
242,зима,64
242,вздрагивать,76
242,разводить,5
243,решетка,23
243,покинуть,52
243,страсть,95
243,инструкция,40
243,прежде,47
244,художественный,38
244,низкий,89
244,гулять,17
244,неправда,10
245,отражение,87
245,при,23
245,применяться,58
245,при,17
245,отметить,56
246,редактор,10
246,даль,11
246,отметить,63
246,посидеть,21
246,командующий,70
246,песня,99
246,намерение,20
247,второй,57
247,танцевать,72
247,инструкция,99
247,девка,86
247,июнь,3
247,дыхание,93
247,роскошный,36
247,мусор,2
248,четыре,94
248,издали,85
248,мрачно,84
249,бак,13
249,добиться,52
249,гулять,63
249,голубчик,52
250,построить,70
250,ученый,66
250,горький,51
250,отражение,62
250,спешить,40
250,пространство,27
250,провинция,23
250,армейский,36
250,советовать,11
251,грудь,51
251,угол,88
251,поставить,92
252,задержать,70
252,интеллектуальный,17
252,научить,30
252,подземный,72
252,торопливый,78
253,степь,63
253,пространство,49
253,девка,66
253,оборот,7
253,бровь,28
253,направо,59
253,уточнить,87
254,медицина,22
254,роса,57
254,серьезный,21
254,пробовать,75
254,исполнять,89
254,опасность,95
255,район,96
255,пища,50
255,коллектив,37
255,костер,87
255,более,77
255,магазин,84
256,медицина,48
256,слишком,68
256,правление,53
257,равнодушный,83
258,очередной,15
259,хотеть,71
259,темнеть,4
259,цвет,24
259,штаб,87
259,столетие,93
259,демократия,11
259,ночь,50
260,порядок,2
260,услать,69
261,зима,39
261,изображать,57
262,промолчать,87
263,адвокат,70
263,расстройство,13
263,более,7
263,костер,97
263,руководитель,9
263,зачем,80
263,факультет,37
263,ставить,73
263,господь,51
263,помолчать,69
264,исследование,62
264,банда,44
264,ручей,23
264,порядок,65
264,результат,27
265,выражение,83
265,ягода,63
265,совет,41
265,выбирать,7
265,свежий,36
265,спалить,35
265,голубчик,17
265,вскакивать,77
265,мягкий,77
265,пастух,19
266,палата,91
266,войти,97
266,ныне,16
266,оборот,47
266,расстегнуть,69
266,ответить,29
266,ремень,12
267,витрина,36
267,приходить,76
267,смелый,11
268,другой,26
268,уничтожение,3
268,бегать,46
268,сопровождаться,66
269,каюта,49
269,академик,83
269,металл,67
269,песенка,77
270,единый,43
270,адвокат,47
270,зачем,95
270,адвокат,67
270,неожиданный,33
270,подробность,17
270,присесть,65
270,изба,63
270,демократия,20
270,цель,55
271,грустный,64
271,угроза,80
271,бетонный,58
271,беспомощный,73
272,серьезный,59
272,полоска,82
273,правление,67
273,роса,81
273,мягкий,72
274,выдержать,79
274,устройство,68
274,отъезд,49
274,точно,83
274,торговля,23
275,мрачно,87
275,господь,21
275,магазин,96
275,горький,69
276,подземный,55
276,инвалид,26
277,посидеть,43
277,непривычный,72
277,спалить,22
277,вряд,23
277,степь,56
277,миллиард,58
277,заведение,23
278,пространство,53
278,житель,63
278,умолять,2
278,смеяться,72
278,ленинград,35
278,зарплата,51
279,построить,9
279,развитый,47
279,виднеться,75
279,мрачно,36
279,казнь,69
280,человечек,81
280,июнь,49
280,народ,20
280,зима,93
280,жестокий,7
281,виднеться,78
281,неожиданный,33
281,важный,73
281,наслаждение,21
281,плавно,43
281,новый,28
281,важный,37
281,кожа,74
281,левый,65
281,висеть,25
282,висеть,63
282,какой,77
282,помимо,59
282,смелый,86
282,сутки,82
282,цвет,17
282,темнеть,22
282,расстройство,97
282,плод,57
282,четыре,55
283,аллея,26
283,спорт,27
283,результат,52
283,команда,90
283,тусклый,100
283,жить,23
283,запустить,54
283,пропадать,87
283,господь,99
284,коммунизм,100
284,скользить,97
285,передо,74
285,монета,71
285,иной,96
285,выразить,57
285,сверкающий,82
285,штаб,98
285,находить,84
286,ребятишки,96
286,актриса,4
286,некоторый,93
286,разводить,77
286,трубка,70
286,сутки,67
286,поговорить,72
287,выражение,91
287,господь,77
287,тревога,23
287,основание,32
287,умирать,44
287,казнь,67
288,похороны,78
288,перебивать,5
288,освобождение,38
288,команда,15
288,мера,92
288,носок,85
288,ленинград,94
288,ягода,91
288,дьявол,43
288,рабочий,60
289,около,13
289,пол,4
290,умирать,53
290,волк,10
290,багровый,64
290,порода,74
290,выражение,81
290,спалить,75
290,июнь,47
290,зарплата,16
290,пересечь,87
290,следовательно,7
291,правильный,93
291,казнь,6
291,миф,13
291,возможно,46
291,порт,53
291,приходить,30
291,смелый,86
291,виднеться,15
291,пятеро,62
292,цепочка,59
292,угол,51
292,лететь,43
292,ученый,9
292,анализ,81
292,ягода,57
292,казнь,17
293,полюбить,55
293,монета,60
294,другой,3
294,нож,34
294,свежий,28
294,художественный,90
294,забирать,54
294,бочок,4
294,витрина,75
295,миг,63
296,запретить,45
296,экзамен,58
296,деловой,92
296,невозможно,7
296,ремень,2
296,болото,30
297,мягкий,84
297,войти,65
297,домашний,7
298,призыв,12
299,спорт,97
300,юный,23
300,ярко,1
300,дошлый,42
300,выраженный,16
301,наступать,62
301,заложить,5
301,посвятить,82
301,мрачно,82
301,советовать,17
301,нажать,30
301,пятеро,22
301,белье,47
302,проход,5
302,похороны,4
303,инвалид,89
303,пространство,98
303,спасть,1
304,результат,70
304,лапа,49
304,кпсс,78
304,намерение,80
304,дошлый,19
305,пасть,19
305,художественный,80
305,граница,39
305,костер,81
305,триста,30
305,секунда,89
305,мрачно,86
305,сохранять,38
305,функция,74
305,выражаться,60
306,за,49
306,актриса,82
306,услать,64
306,палата,55
306,исполнять,40
306,тусклый,4
306,носок,96
306,плод,45
307,передо,56
307,тесно,26
307,горький,83
307,сверкать,33
307,число,88
308,славный,79
308,эффект,39
308,вперед,29
309,встать,45
309,покидать,28
309,салон,25
309,покидать,29
309,грустный,41
309,плод,77
310,славный,89
310,чем,46
310,потянуться,100
310,угроза,53
310,дрогнуть,15
310,радость,61
310,исследование,18
310,рассуждение,14
311,бочок,89
312,висеть,57
312,кпсс,29
312,коммунизм,63
312,рабочий,18
312,изба,97
312,возникновение,64
312,запеть,100
312,полностью,26
313,школьный,18
313,кузнец,56
313,собеседник,46
313,налево,15
313,бегать,46
313,четыре,13
313,что,86
313,термин,80
313,потом,12
313,карандаш,57
314,привлекать,72
314,функция,47
314,результат,20
314,сравнение,69
314,решение,91
314,более,67
315,цвет,78
316,головной,87
316,зачем,66
317,функция,7
317,бабочка,100
317,костер,57
317,мимо,95
317,грудь,40
318,основание,86
318,иной,27
318,изучить,30
318,висеть,40
319,приходить,23
319,картинка,35
319,торопливый,90
320,находить,22
320,опасность,10
320,сынок,30
320,зато,49
320,важный,24
321,рис,94
321,понятный,51
321,неправда,85
321,а,3
322,прошептать,82
322,инструкция,42
322,избегать,46
322,вряд,71
322,теория,4
323,выражаться,89
323,собеседник,10
323,бабочка,43
323,коричневый,56
323,уронить,100
323,важный,46
323,манера,91
324,пробовать,19
324,совет,40
324,дрогнуть,91
324,висеть,62
324,мелочь,95
324,беспомощный,92
325,рай,58
325,порт,70
325,дошлый,81
325,призыв,78
325,хотеть,76
325,монета,50
325,крыса,76
326,аж,72
326,изба,32
326,сомнительный,69
326,дошлый,100
326,запретить,3
326,носок,77
326,сомнительный,100
327,непривычный,79
327,поставить,45
327,художественный,3
327,умолять,87
327,адвокат,67
327,князь,75
327,задержать,60
327,падать,34
327,посвятить,52
328,назначить,26
328,порядок,30
328,сбросить,39
328,мусор,7
328,неожиданный,92
328,торопливый,15
329,трубка,100
329,за,24
329,сынок,60
330,зато,33
330,что,77
330,наткнуться,4
330,хотеть,75
330,ответить,84
330,находить,64
330,соответствие,94
330,возможно,64
331,угроза,2
331,прошептать,17
331,оборот,6
331,разводить,87
331,редактор,28
332,головной,81
332,приятель,38
332,картинка,77
332,деловой,88
332,смертельный,42
332,мягкий,52
332,низкий,37
332,запустить,36
332,девка,61
332,виднеться,84
333,низкий,19
334,витрина,9
335,равнодушный,65
335,издали,78
335,остановить,12
335,пища,73
335,ведь,10
335,исследование,81
335,снимать,29
336,похороны,16
336,коробка,87
336,дальний,80
336,анализ,57
336,развернуться,59
336,хотеть,88
336,идея,85
336,ягода,70
336,растеряться,33
336,написать,76
337,вчера,3
337,ход,100
337,провал,90
337,единый,21
337,плод,30
337,приятель,36
337,скользить,87
337,жидкий,62
337,зачем,47
337,миф,23
338,протягивать,14
338,невыносимый,4
338,мгновение,24
338,изредка,97
338,набор,80
338,триста,2
338,следовательно,9
338,советовать,45
338,заработать,51
339,заведение,73
339,цель,28
339,блин,33
339,неожиданный,51
339,изменение,58
339,потрясти,84
340,потом,100
340,холодно,85
340,ответить,39
340,пасть,36
340,разводить,56
341,намерение,1
341,покинуть,95
341,цепочка,22
341,жить,86
341,цвет,15
341,выражение,10
341,граница,89
341,кольцо,29
342,пасть,89
342,дремать,54
342,ягода,32
342,коммунизм,58
342,секунда,95
342,плод,31
342,радость,6
342,возможно,5
343,роскошный,6
343,степь,74
343,очко,31
343,применяться,7
343,аллея,35
343,выдержать,38
344,равнодушный,6
344,услать,76
344,сынок,54
344,за,64
345,наткнуться,75
345,еврейский,42
345,неудобно,76
345,возбуждение,36
345,пятеро,51
345,пятеро,43
345,актриса,55
345,выраженный,11
345,проход,30
345,угроза,48
346,цепочка,44
346,неожиданно,30
346,покидать,75
346,прежде,89
346,коробка,46
346,ленинград,27
346,картинка,70
346,полностью,62
347,граница,16
347,пространство,64
347,четыре,42
347,совещание,26
347,отметить,29
348,труп,83
348,ручей,26
348,основание,59
348,низкий,43
348,салон,59
348,горький,80
348,невозможно,6
349,постоянный,5
349,очутиться,81
349,скользить,60
349,факультет,71
349,сынок,70
349,кидать,98
349,поезд,69
350,изредка,61
350,кузнец,1
350,печатать,64
350,сустав,73
350,рабочий,46
350,что,30
351,блин,98
351,встать,82
351,достоинство,96
351,вскинуть,83
351,мальчишка,93
351,ягода,27
351,умирать,17
351,задрать,75
352,потом,62
352,зарплата,40
352,пересечь,6
352,другой,73
352,конструкция,26
352,посидеть,90
353,бригада,35
353,ботинок,79
353,падать,48
354,нервно,44
355,смелый,71
355,дальний,100
355,стакан,23
355,зима,58
355,сустав,95
355,академик,50
355,карандаш,97
355,прежний,18
355,космос,76
355,карман,25
356,уточнить,83
356,провал,55
356,предоставить,58
356,деньги,19
356,танцевать,71
356,оставить,19
356,скрытый,6
356,материя,20
356,бригада,10
357,постоянный,80
357,пересечь,29
357,единый,59
357,инвалид,20
357,тута,5
358,плод,38
358,бетонный,50
358,чем,18
358,неправда,3
359,банда,63
359,домашний,76
359,непривычный,86
359,реклама,61
359,растеряться,21
359,песня,82
360,трубка,16
360,смеяться,64
360,строительство,11
360,хозяйка,87
360,сынок,75
360,ответить,22
360,доставать,2
360,бровь,17
360,вскакивать,29
361,левый,92
361,пища,44
361,монета,67
361,мимо,55
361,промолчать,47
361,увеличиваться,79
362,висеть,25
362,соответствие,68
362,секунда,88
362,багровый,17
363,назначить,8
363,развитый,1
363,выдержать,70
363,монета,69
363,выражение,52
363,армейский,18
363,свежий,64
364,забирать,53
364,полюбить,46
364,да,89
364,еврейский,84
364,табак,86
364,сомнительный,66
365,плод,11
365,редактор,78
365,инвалид,52
365,художественный,53
365,инвалид,83
365,потянуться,6
366,тревога,94
366,налево,52
366,беспомощный,62
366,еврейский,42
366,песня,53
366,прощение,6
366,бригада,27
366,фонарик,100
366,ярко,7
367,сбросить,85
367,мимо,1
367,манера,50
367,возмутиться,55
367,еврейский,97
367,вывести,52
368,ведь,60
369,строительство,18
369,сохранять,54
369,кпсс,80
369,июнь,8
369,потрясти,44
369,желание,95
369,развитый,99
370,возможно,68
370,снимать,28
370,подземный,72
370,основание,31
370,освобождение,12
370,сомнительный,81
371,терапия,67
371,достоинство,65
371,угол,100
371,написать,72
371,вчера,85
372,увеличиваться,28
372,руководитель,97
372,засунуть,76
372,штаб,57
372,вперед,19
372,нервно,81
372,мимо,34
372,процесс,45
372,порода,30
373,строительство,49
374,задержать,8
374,поезд,84
374,процесс,36
375,серьезный,60
376,очко,100
377,выраженный,28
377,вывести,3
377,иной,68
377,потрясти,50
377,изба,63
377,процесс,76
377,направо,25
377,выбирать,12
377,выраженный,55
378,наступать,69
378,монета,16
378,носок,89
378,монета,1
378,уточнить,32
378,совещание,89
378,заплакать,56
378,прежний,14
379,ребятишки,99
379,советовать,46
379,эффект,36
379,печатать,7
379,плавно,30
380,валюта,58
380,спорт,67
380,рис,30
381,запустить,96
381,анализ,62
381,ныне,81
381,теория,72
381,редактор,48
381,дорогой,79
381,слишком,39
381,полоска,82
381,упорно,15
382,домашний,67
383,дружно,54
383,штаб,51
383,реклама,46
383,невозможно,1
383,слишком,75
383,решение,30
383,недостаток,61
383,казнь,25
383,мгновение,70
383,кидать,31
384,подземный,74
384,природа,54
384,уничтожение,66
384,заплакать,41
384,обида,19
385,смеяться,99
385,построить,61
386,через,7
386,зачем,15
386,строительство,57
386,беспомощный,74
386,дружно,100
386,невыносимый,25
386,правление,54
387,монета,89
387,космос,65
387,горький,47
387,пол,68
387,горький,43
387,спасть,26
387,упорно,57
387,что,80
387,выражаться,13
388,интернет,23
388,перебивать,68
388,пространство,48
388,житель,10
388,падаль,8
388,какой,44
388,выражение,61
388,мгновение,36
388,девка,36
388,кидать,59
389,бак,20
389,функция,20
389,командующий,24
390,естественный,75
390,легко,26
390,изображать,45
390,мгновение,69
390,дружно,85
390,головка,77
390,издали,19
390,недостаток,24
390,палка,31
391,аллея,18
391,точно,48
391,слишком,39
391,сверкающий,51
392,юный,91
392,решетка,50
392,ярко,75
392,бровь,98
392,руководитель,4
392,помимо,27
392,космос,23
393,печатать,91
393,кожа,13
393,коробка,28
393,сынок,87
393,передо,76
393,назначить,4
393,призыв,42
393,юный,76
394,ремень,39
394,экзамен,11
395,уточнить,5
395,багровый,55
395,задержать,49
395,строительство,93
395,пятеро,59
395,тревога,39
395,тревога,8
395,печатать,52
395,отметить,45
396,головка,3
396,инвалид,39
396,слать,47
396,отметить,24
396,приятель,78
396,около,72
396,порода,12
396,совещание,13
396,научить,88
396,терапия,67
397,банда,3
398,команда,20
398,а,79
398,уничтожение,66
398,указанный,55
398,протягивать,64
398,ответить,31
398,пятеро,85
398,потрясти,91
399,одиннадцать,92
400,беспомощный,24
401,приличный,58
401,дальний,5
401,ягода,12
401,изба,64
401,приятель,35
401,бабочка,7
401,ход,72
401,вскинуть,37
401,плавно,16
402,жестокий,72
402,доставать,82
402,торговля,21
402,находить,19
402,порог,48
402,монета,37
403,посвятить,96
403,мусор,61
403,выразить,18
404,холодно,99
404,дальний,26
404,ответить,63
404,какой,49
404,слишком,61
404,пересечь,25
404,услать,24
404,лиловый,42
404,снимать,77
404,четко,80
405,трясти,25
405,танцевать,99
405,мотоцикл,75
405,экзамен,88
406,пропаганда,64
406,головка,86
406,написать,16
406,угол,43
406,командующий,39
407,дружно,37
407,совещание,13
407,более,42
408,способ,50
408,совет,67
408,экзамен,80
408,жидкий,8
408,неудобно,55
408,провал,6
409,социалистический,73
409,устройство,24
409,шлем,85
409,приходить,35
409,художественный,15
410,лиловый,38
410,приятель,56
410,страсть,63
410,механический,97
410,конференция,62
410,дьявол,92
411,художественный,76
411,танцевать,74
411,эффект,41
411,полевой,16
411,очутиться,98
411,головка,15
411,пробовать,89
411,разнообразный,71
411,тревога,7
412,точно,47
412,покидать,57
412,зато,98
412,интернет,62
412,отметить,61
412,интернет,77
412,грудь,62
412,трясти,37
412,смертельный,47
412,умолять,11
413,выраженный,22
413,правление,64
413,вчера,29
413,встать,47
413,штаб,40
413,бабочка,82
413,эпоха,76
413,домашний,61
413,подземный,41
414,задержать,31
414,князь,44
414,потрясти,27
414,очередной,33
414,что,20
414,затянуться,51
415,прежний,82
415,передо,7
415,тесно,59
415,сопровождаться,18
415,постоянный,67
415,мусор,84
415,нажать,99
416,направо,45
417,результат,56
417,применяться,40
417,близко,45
417,инвалид,82
417,граница,63
417,художественный,76
418,художественный,70
418,стакан,28
418,плясать,31
418,конференция,6
418,тесно,54
418,хотеть,82
418,бровь,15
418,изба,81
418,поколение,94
419,поставить,10
419,житель,49
419,покидать,34
420,совет,87
420,неудобно,34
420,поставить,80
420,танцевать,79
421,покидать,61
421,плясать,80
421,деньги,77
421,через,53
421,бочок,100
421,ученый,20
422,радость,44
422,рис,17
422,помолчать,91
422,банк,85
422,задержать,91
422,потянуться,80
422,триста,51
422,возникновение,69
422,интеллектуальный,37
422,появление,83
423,столетие,80
423,монета,72
423,прощение,2
423,угодный,14
423,строительство,57
423,заявление,10
423,спалить,26
423,недостаток,84
423,вперед,98
424,вытаскивать,5
424,выраженный,27
424,роса,85
424,нож,25
424,поговорить,5
424,банк,76
425,волк,95
425,жестокий,72
425,лапа,62
426,разводить,13
426,достоинство,6
427,увеличиваться,69
427,прошептать,57
427,юный,2
427,жестокий,64
427,хотеть,71
427,видимо,17
428,некоторый,11
428,потрясти,78
428,указанный,77
428,голубчик,35
428,школьный,92
429,вскакивать,77
429,мальчишка,3
430,единый,6
431,присесть,11
431,висеть,37
431,пространство,88
431,покидать,49
431,мера,62
431,заявление,73
432,ярко,46
432,более,65
432,июнь,8
432,понятный,29
432,провинция,98
433,песня,4
433,кожа,21
433,выдержать,68
433,падать,54
433,правление,81
433,неправда,85
433,выгнать,79
433,бровь,23
433,присесть,42
434,полностью,36
434,сынок,31
434,четыре,41
434,единый,29
434,вздрогнуть,44
434,научить,79
434,покидать,98
434,сустав,9
435,пламя,42
436,видимо,15
436,нож,87
436,вздрогнуть,1
436,угроза,21
436,порт,19
436,космос,30
436,выдержать,71
436,растеряться,87
436,заплакать,39
437,сомнительный,97
437,цвет,45
437,казнь,54
437,умолять,34
437,изредка,60
437,заработать,29
437,правильный,38
438,покидать,45
438,встать,83
438,неудобно,81
438,беспомощный,66
438,степь,37
438,пламя,33
438,плясать,45
438,коммунизм,5
439,командование,30
439,правильный,87
439,бок,74
439,белье,79
439,жидкий,49
439,заработать,39
440,носок,1
440,зато,34
441,бригада,95
441,издали,94
441,зато,79
441,идея,39
441,жестокий,53
441,провал,87
442,покидать,41
442,похороны,61
442,передо,46
442,ложиться,61
442,ярко,5
442,спорт,54
442,более,77
442,угроза,52
442,падаль,63
443,жить,66
443,бочок,79
443,передо,100
443,выраженный,95
443,сохранять,83
443,выдержать,60
443,поздравлять,22
443,протягивать,1
443,юный,71
444,единый,86
444,гулять,71
444,уронить,3
444,рис,93
444,падать,24
444,июнь,10
444,слать,71
445,плод,54
445,триста,15
445,виднеться,78
445,команда,69
445,задрать,41
445,ломать,95
445,сустав,34
445,кольцо,89
446,голубчик,2
446,налоговый,55
446,покидать,61
446,о,68
446,недостаток,41
446,оставить,83
446,проход,46
446,мера,80
446,разуметься,1
447,лететь,93
447,второй,26
447,багровый,16
447,песенка,87
447,гулять,5
447,палка,15
447,зарплата,31
447,тута,36
447,рабочий,41
448,потрясти,21
448,выгнать,93
448,рабочий,11
448,налоговый,28
448,конференция,84
448,ведь,73
448,головка,6
448,возбуждение,68
448,помолчать,13
449,налоговый,60
449,рассуждение,60
449,эффект,32
450,одиннадцать,26
450,отметить,14
450,подробность,96
450,голубчик,17
451,пропаганда,34
451,актриса,30
451,торговля,53
451,юный,78
451,стакан,96
451,сынок,29
451,войти,10
451,следовательно,58
452,хозяйка,88
452,ремень,30
452,вздрогнуть,53
452,спорт,67
452,угроза,34
452,решетка,82
453,еврейский,16
453,присесть,92
453,термин,36
454,возбуждение,62
454,вскинуть,38
454,падаль,52
454,бак,40
454,армейский,20
454,голубчик,62
454,танцевать,99
454,песенка,98
455,важный,9
455,расстегнуть,82
456,правильный,61
456,песенка,84
456,крутой,63
457,смеяться,59
457,приятель,100
457,банда,48
457,идея,65
457,плод,72
457,господь,27
457,приятель,53
458,слать,48
458,роскошный,4
458,естественный,14
458,идея,81
458,угроза,92
458,реклама,98
458,аж,42
459,выразить,57
459,легко,21
459,развернуться,44
459,уничтожение,92
459,инструкция,47
459,сверкающий,94
459,наслаждение,35
460,правление,13
460,о,1
460,даль,25
460,спичка,88
460,инфекция,37
461,возможно,80
461,бегать,98
461,инструкция,43
461,мальчишка,84
461,серьезный,57
461,задержать,33
461,головка,78
461,запеть,44
461,район,43
461,неожиданный,98
462,трубка,72
462,зачем,65
462,наслаждение,53
462,потом,3
463,ход,38
463,четко,34
463,шлем,67
463,полевой,52
463,адвокат,50
463,левый,77
463,крутой,50
464,пропадать,53
464,эпоха,100
464,мучительно,17
464,передо,69
464,печатать,22
464,счастье,22
464,секунда,77
464,что,5
464,назначить,37
464,беспомощный,88
465,мгновение,97
465,инфекция,28
466,сомнительный,19
467,домашний,68
467,манера,81
467,непривычный,56
467,какой,11
467,сынок,16
467,рабочий,17
468,мусор,6
468,солнце,37
468,монета,27
468,войти,95
469,дошлый,44
469,неудобно,51
469,зима,66
469,заработать,34
469,цель,86
470,налево,27
470,порядок,76
470,второй,43
470,вывести,64
470,космос,45
470,салон,40
470,отражение,97
471,хотеть,63
471,художественный,5
471,собеседник,31
471,вообще,64
472,скользить,53
472,песня,9
472,салон,27
472,мучительно,29
473,невыносимый,36
473,рота,93
473,набор,97
473,один,21
473,художественный,26
473,близко,91
473,миллиард,62
473,слишком,76
474,серьезный,83
474,монета,5
474,руководитель,75
474,запустить,94
474,трубка,50
474,дрогнуть,12
474,инструкция,96
474,серьезный,63
474,дурацкий,18
475,опасность,34
475,расстройство,55
475,рассуждение,74
475,ягода,32
476,дьявол,15
476,потрясти,47
476,ярко,20
476,похороны,62
476,доставать,62
476,домашний,57
476,функция,17
477,роскошный,68
477,чувство,37
477,очутиться,56
477,пища,80
477,привлекать,64
477,пространство,10
477,заведение,70
477,миф,16
477,коллектив,100
478,госпожа,45
479,сверкающий,36
479,кузнец,88
479,мера,81
480,коробка,3
480,сопровождаться,34
480,господь,12
480,куча,60
480,приличный,46
481,отъезд,41
481,шлем,93
481,левый,2
481,академик,7
481,понятный,13
482,изучить,62
482,невыносимый,1
482,решение,52
482,степь,92
482,прелесть,63
482,торопливый,99
482,тесно,65
482,совет,3
483,сынок,18
484,сохранять,16
484,прежний,71
484,постоянный,37
484,приличный,79
485,мгновение,84
485,тысяча,82
485,валюта,89
485,рота,68
485,триста,4
485,да,40
485,потянуться,18
486,страсть,60
486,выбирать,26
486,добиться,89
486,засунуть,74
487,магазин,77
487,умолять,38
487,пол,50
487,соответствие,9
487,совет,62
487,правление,1
487,тюрьма,7
487,близко,89
487,рабочий,31
488,изменение,90
488,исполнять,90
488,витрина,92
489,витрина,79
490,решетка,40
490,научить,52
490,налоговый,65
490,жестокий,24
490,правильный,100
490,коллектив,81
490,сходить,100
490,дрогнуть,100
490,деньги,78
491,миф,65
491,освобождение,45
491,желание,100
491,ложиться,70
492,торговля,75
492,исследование,68
492,вывести,18
492,расстегнуть,76
492,голубчик,43
492,тревога,24
492,растеряться,11
492,казнь,70
493,упорно,1
493,дружно,98
493,банк,37
493,актриса,29
493,витрина,60
493,о,8
493,карман,61
493,инвалид,22
493,отражение,55
494,разводить,59
494,провал,93
494,недостаток,15
494,ответить,3
494,мера,43
494,исполнять,72
494,монета,22
495,приятель,78
495,дальний,42
495,постоянный,79
495,оборот,31
495,июнь,21
495,адвокат,17
495,упор,15
495,призыв,44
495,коммунизм,70
495,ленинград,24
496,болото,35
496,вариант,50
496,песня,62
496,бочок,18
496,набор,58
496,сынок,94
497,сустав,9
497,терапия,4
497,точно,54
497,сынок,14
497,валюта,27
497,вскакивать,57
497,мусор,18
497,рот,100
497,призыв,27
498,растеряться,62
498,коммунизм,34
498,князь,16
499,одиннадцать,94
499,назначить,7
499,покинуть,2
499,шлем,99
499,лететь,80
499,возмутиться,67
499,казнь,24
499,хотеть,36
499,спорт,76
499,металл,43
500,конструкция,10
500,факультет,9
501,миллиард,5
501,ложиться,93
501,опасность,22
501,умолять,81
501,монета,47
501,бок,22
502,написать,51
502,ремень,53
503,порода,5
503,носок,40
503,демократия,18
503,нож,67
503,построить,95
503,вскинуть,67
503,возмутиться,57
503,отъезд,44
504,непривычный,91
504,спешить,54
504,новый,56
504,металл,29
504,поставить,47
504,подробность,95
504,научить,73
504,художественный,47
504,тусклый,39
504,прошептать,91
505,миллиард,82
505,неожиданный,88
505,выразить,46
505,адвокат,91
505,дьявол,20
505,подземный,9
505,банк,66
505,приятель,33
505,заведение,7
505,скользить,6
506,грудь,15
506,налоговый,86
506,роса,78
507,табак,40
507,витрина,92
507,соответствие,87
507,интернет,1
507,висеть,81
507,факультет,62
507,призыв,13
507,рота,36
507,посвятить,17
508,мелочь,90
508,лапа,61
508,устройство,32
508,коллектив,20
508,расстегнуть,38
509,банда,18
509,недостаток,36
509,экзамен,5
510,интернет,50
510,бок,4
510,неудобно,8
510,очко,37
510,пол,98
510,увеличиваться,34
510,нож,73
511,цвет,1
511,присесть,14
511,школьный,65
511,ломать,47
511,монета,72
511,прелесть,13
511,бегать,39
511,ученый,98
511,темнеть,23
511,страсть,75
512,неожиданно,67
512,холодно,37
513,расстегнуть,42
513,возбуждение,82
513,художественный,98
513,еврейский,42
513,палата,50
513,ягода,10
513,понятный,33
513,очко,17
514,металл,62
514,тревога,76
514,помолчать,97
515,монета,96
515,самостоятельно,78
515,палата,81
515,налево,15
515,дрогнуть,60
515,банда,98
515,каюта,93
516,порода,72
516,секунда,48
516,сынок,74
516,зато,10
516,затянуться,81
516,заплакать,100
516,процесс,32
516,поколение,87
516,степь,32
517,некоторый,13
517,витрина,72
517,решение,80
517,прежде,60
517,что,24
517,командир,56
517,оборот,4
517,крыса,34
517,тяжелый,82
517,выбирать,59
518,торопливый,22
518,потом,24
518,бак,67
518,забирать,79
518,угол,18
518,кольцо,86
518,вообще,40
518,избегать,82
519,сбросить,78
519,тюрьма,27
519,ложиться,67
519,достоинство,13
519,очутиться,57
520,следовательно,9
520,социалистический,13
520,ребятишки,38
520,разуметься,6
520,лапа,83
520,эпоха,54
520,вздрагивать,20
521,еврейский,41
521,радость,65
522,экзамен,83
522,точно,55
522,господь,23
522,команда,55
522,салон,100
522,налоговый,54
523,промолчать,27
523,художественный,75
523,поезд,82
523,выкинуть,57
523,изредка,64
523,спасть,24
523,строительство,50
523,фонарик,80
523,выразить,48
523,эпоха,34
524,обида,52
524,конференция,63
524,житель,73
524,радость,17
525,да,22
525,порт,32
525,командование,51
525,издали,85
525,торопливый,47
525,фонарик,57
525,выразить,53
526,правый,36
526,видимо,93
526,носок,2
526,изменение,20
526,холодно,35
526,выдержать,75
526,мрачно,80
527,дыхание,13
527,ложиться,41
527,вздрагивать,3
527,задрать,68
527,желание,83
527,появление,100
527,отдел,12
527,поздравлять,73
527,постоянный,65
528,палец,64
528,теория,79
528,серьезный,59
528,протягивать,60
529,четыре,32
530,степь,34
530,направо,24
530,оставить,66
530,некоторый,85
530,песня,60
530,полоска,73
531,товар,31
531,горький,19
531,ботинок,6
531,лиловый,85
531,правление,25
531,страсть,76
532,возбуждение,24
532,народ,67
532,важный,46
532,мальчишка,5
532,слишком,28
532,слать,56
532,дружно,58
532,тюрьма,57
533,горький,87
533,поздравлять,86
533,находить,67
534,что,20
534,угроза,11
534,трясти,45
534,дальний,73
534,задрать,94
534,желание,41
534,медицина,5
534,слать,99
534,аллея,4
534,заложить,31
535,потом,82
535,счастье,28
535,точно,83
535,естественный,4
535,порт,20
535,торговля,67
535,затянуться,97
536,мелькнуть,36
536,растеряться,33
536,сустав,50
536,мучительно,18
536,сравнение,42
536,князь,68
536,головка,6
537,проход,59
537,коричневый,7
537,дремать,43
537,бок,5
537,результат,67
537,палата,46
537,миг,47
537,пастух,10
537,избегать,43
537,сбросить,76
538,функция,64
538,человечек,11
538,головка,26
538,естественный,77
538,степь,61
539,смеяться,17
540,умолять,32
541,жидкий,29
541,коллектив,25
541,низкий,41
541,призыв,83
542,отражение,2
542,выражаться,6
542,выражаться,74
543,бегать,43
543,ведь,37
544,торговля,70
544,настать,90
544,пропаганда,97
545,строительство,15
545,уничтожение,31
545,каюта,19
545,ягода,29
546,важный,14
546,легко,32
546,анализ,39
546,ночь,7
546,один,13
546,потянуться,26
546,солнце,44
546,металл,92
547,костер,89
547,вскинуть,30
547,забирать,69
547,слать,42
547,падать,80
547,жить,36
547,мелочь,25
548,механический,25
548,командир,45
548,ставить,83
548,предоставить,63
548,полностью,61
548,невозможно,85
548,штаб,87
549,построить,78
549,увеличиваться,84
549,палец,10
549,единый,58
549,инвалид,26
549,пастух,88
550,войти,25
550,вытаскивать,12
550,граница,26
550,карандаш,63
550,сбросить,69
550,плод,18
550,применяться,12
551,прошептать,37
551,грустный,39
551,запретить,48
551,четыре,20
551,князь,70
551,головка,6
551,выразить,15
551,пространство,82
551,встать,61
552,холодно,88
552,устройство,11
552,гулять,46
552,очко,94
552,сутки,55
552,пропасть,35
552,пастух,40
553,жидкий,70
553,пламя,11
554,кожа,12
554,четыре,38
554,правый,66
555,белье,10
555,ныне,20
555,дрогнуть,13
555,терапия,39
555,второй,91
555,развернуться,19
555,остановить,93
555,приличный,42
555,сопровождаться,8
556,горький,34
556,анализ,82
556,зачем,30
556,ребятишки,52
556,пища,65
556,невозможно,29
557,разводить,18
557,нервно,35
557,выдержать,7
557,выкинуть,51
557,коммунизм,56
557,сынок,57
557,интернет,27
557,горький,40
557,мусор,16
558,поезд,93
558,эпоха,39
558,полюбить,40
558,холодно,78
558,скользить,93
558,добиться,83
558,функция,18
559,торопливый,92
559,плод,20
559,зато,47
559,миф,85
560,термин,30
560,гулять,63
560,расстегнуть,99
560,поймать,99
560,район,74
561,художественный,34
561,каюта,66
561,применяться,73
561,госпожа,27
561,ботинок,16
561,соответствие,14
561,актриса,100
561,четко,60
561,падаль,30
561,посвятить,50
562,кидать,82
562,карман,63
562,бригада,39
562,еврейский,10
563,оборот,77
563,кузнец,53
564,иной,62
564,помимо,83
564,издали,78
564,число,20
564,роскошный,82
564,построить,42
564,монета,6
564,очутиться,97
564,налоговый,82
565,достоинство,5
565,светило,46
565,отражение,74
566,тюрьма,16
566,зеленый,34
567,вряд,30
567,правление,52
567,пламя,99
568,интеллектуальный,16
568,покидать,32
568,полевой,22
568,спасть,48
568,прелесть,48
568,холодно,68
568,передо,68
569,избегать,46
570,головка,68
570,запретить,7
570,отметить,73
570,разводить,23
570,труп,35
570,конференция,47
570,за,27
571,покидать,27
571,поколение,99
572,написать,57
572,факультет,28
572,избегать,4
572,смертельный,86
572,космос,39
572,нож,37
573,тяжелый,51
573,тысяча,48
574,самостоятельно,58
574,ученый,74
574,похороны,52
574,мрачно,42
574,банда,100
575,труп,18
575,советовать,14
575,командующий,99
575,освободить,58
576,костер,87
576,падать,40
576,рис,63
576,смеяться,75
576,передо,44
576,грудь,68
576,важный,99
577,изба,38
577,потрясти,77
577,вообще,65
577,головной,52
577,художественный,43
577,порт,31
578,палата,14
579,горький,19
579,умолять,85
579,военный,22
580,цвет,76
580,район,67
580,механический,41
580,привлекать,41
580,очутиться,3
580,фонарик,83
580,потянуться,87
580,вперед,5
581,район,85
581,скрытый,48
582,через,8
582,куча,67
582,провинция,58
582,выразить,59
582,расстройство,97
582,руководитель,21
582,костер,39
582,казнь,79
582,способ,15
583,построить,45
583,некоторый,47
583,передо,96
584,плавно,2
584,ребятишки,35
584,спешить,60
584,факультет,95
584,коробка,37
584,сверкающий,3
584,вывести,32
584,картинка,41
584,чем,44
585,отъезд,29
585,коробка,64
585,правый,68
585,эпоха,60
586,похороны,73
586,секунда,92
586,правление,54
587,роскошный,74
587,желание,94
587,июнь,81
587,интернет,60
587,а,66
587,крутой,20
588,карандаш,70
588,пространство,75
588,кожа,42
588,лиловый,12
588,при,69
588,кольцо,53
588,упорно,21
588,торговля,24
588,возможно,47
588,направо,13
589,порядок,23
589,вперед,85
590,товар,31
590,другой,29
590,бегать,71
590,выражаться,32
590,освободить,68
590,полностью,89
590,посвятить,11
590,соответствие,11
591,грудь,75
592,металл,40
592,остановить,96
592,нервно,38
592,танцевать,6
592,провал,73
593,рота,31
593,левый,78
593,ответить,99
593,порог,69
593,художественный,34
593,потрясти,91
594,народ,99
594,секунда,32
595,кожа,94
595,передо,78
595,парень,83
595,возбуждение,84
595,командир,59
595,крыса,74
595,лететь,35
596,лететь,65
596,пасть,33
596,даль,46
596,бабочка,24
596,мусор,8
597,командующий,65
597,более,42
597,вряд,4
597,рис,59
597,еврейский,65
598,монета,48
598,ремень,66
598,народ,60
598,вывести,93
598,парень,41
598,художественный,95
598,палец,5
599,висеть,6
599,табак,13
599,человечек,64
599,наткнуться,29
599,очередной,50
599,заплакать,29
599,бегать,70
599,мелочь,45
600,наступать,15
600,торговля,11
600,нажать,77
601,сынок,35
601,новый,44
601,растеряться,48
601,вообще,95
601,мусор,9
602,тревога,28
602,нажать,55
602,инфекция,70
602,гулять,94
602,сынок,27
602,миллиард,34
602,актриса,91
603,смелый,30
603,армейский,1
603,поезд,45
603,перебивать,40
603,поставить,83
603,коробка,75
604,около,37
605,дьявол,35
605,выгнать,29
605,табак,78
605,триста,29
605,актриса,78
605,художественный,99
605,граница,100
605,юный,48
605,мрачно,84
606,решетка,6
606,дрогнуть,37
606,белье,53
606,пространство,18
606,торговля,90
606,подробность,95
607,остановить,44
607,доставать,65
607,темнеть,6
607,что,44
608,ответить,23
608,лететь,87
608,дыхание,66
608,сохранять,6
608,космос,7
608,монета,3
608,металл,16
608,прощение,73
609,угол,37
609,опасность,15
610,витрина,65
610,сынок,70
611,дорогой,84
611,спалить,42
611,протягивать,48
611,освободить,53
611,кидать,89
611,полевой,66
611,юный,100
611,белье,21
611,бочок,62
611,ботинок,32
612,солнце,21
612,мучительно,65
613,заявление,58
613,ход,78
613,интернет,25
613,порядок,39
613,прошептать,54
613,порядок,40
613,висеть,79
613,рот,99
614,шлем,35
615,грустный,16
615,терапия,57
615,налоговый,71
615,решетка,39
615,понятный,29
615,цель,22
615,настать,82
616,народ,81
616,новый,46
616,дальний,99
616,появление,9
616,мгновение,35
616,висеть,29
616,дошлый,14
617,потянуться,3
617,слать,38
617,посидеть,48
617,пятеро,97
617,премьера,19
618,ручей,20
618,порт,28
619,разнообразный,43
619,а,70
619,необычный,37
619,мрачно,66
619,изображать,36
619,пропаганда,38
619,второй,87
619,пропаганда,47
619,падаль,53
619,коричневый,20
620,выбирать,39
620,что,10
620,демократия,16
620,мера,12
620,поговорить,40
620,мимо,90
620,изба,15
620,разводить,29
621,коллектив,35
621,пасть,87
622,жестокий,32
622,цель,92
622,зеленый,81
623,правление,72
623,находить,50
623,руководитель,78
623,заработать,92
623,картинка,10
624,господь,21
624,премьера,46
624,достоинство,52
624,новый,80
624,исполнять,50
624,еврейский,45
624,эпоха,87
624,пятеро,92
624,крыса,75
625,мрачно,4
625,слишком,96
625,поколение,85
625,через,7
625,адвокат,99
626,зарплата,4
626,приличный,60
626,нажать,56
626,спалить,98
626,возмутиться,6
626,угроза,60
627,художественный,47
627,неправда,47
627,идея,95
628,ученый,13
628,кузнец,63
628,плод,3
628,бригада,67
628,дальний,30
628,сустав,67
628,заявление,6
629,банда,54
629,спасть,64
629,роса,38
629,помимо,77
629,выражение,53
629,смеяться,60
629,вчера,44
629,правление,11
629,некоторый,32
630,житель,56
630,провал,75
630,июнь,38
630,сходить,63
630,космос,49
630,следовательно,29
630,засунуть,87
630,премьера,72
630,мягкий,32
631,задержать,35
631,недостаток,29
631,экзамен,38
631,спасть,50
631,левый,4
632,сверкающий,76
632,выгнать,64
632,оставить,29
632,теория,68
633,юный,80
633,пятеро,10
633,плод,76
633,прелесть,57
633,вывести,20
633,даль,18
633,выдержать,93
634,космос,24
634,проход,14
634,свежий,5
634,вывести,42
634,куча,36
634,тюрьма,87
634,кольцо,45
634,ботинок,86
634,новый,27
634,задержать,84
635,пол,98
635,еврейский,48
635,палец,26
635,лететь,67
635,спичка,23
635,крутой,32
635,упорно,11
636,поймать,95
636,зеленый,15
636,правильный,84
636,недостаток,98
636,порт,56
636,сустав,100
636,угодный,88
636,космос,24
637,степь,21
637,виднеться,4
637,зарплата,64
638,господь,62
638,нажать,8
638,мелочь,91
638,расстройство,82
638,необычный,64
639,палата,27
639,успокоиться,66
639,темнеть,32
639,растеряться,86
639,точно,59
639,страсть,78
639,зачем,93
640,смеяться,39
640,болото,36
641,освобождение,40
641,более,92
641,очко,84
641,танцевать,80
641,угроза,99
642,монета,70
642,заложить,53
642,бабочка,92
642,ребятишки,99
642,правление,12
642,советовать,79
642,горький,66
643,шлем,15
644,холодно,21
644,горький,25
644,покинуть,18
644,собеседник,17
645,триста,51
645,пасть,4
645,горький,34
645,нож,20
645,карандаш,40
645,результат,69
645,посидеть,18
645,более,13
645,запретить,6
645,устройство,61
646,указанный,60
646,покинуть,94
647,ведь,6
647,слать,52
647,инструкция,24
647,плод,24
647,мера,95
647,смеяться,80
648,девка,63
648,рис,43
648,передо,34
648,правление,44
648,степь,48
648,теория,69
648,дремать,93
648,изображать,57
649,серьезный,5
649,столетие,73
649,инвалид,50
649,умолять,32
649,сбросить,58
650,неожиданный,76
650,неправда,27
650,привлекать,13
650,холодно,3
650,адвокат,95
650,место,82
650,сходить,48
650,выгнать,69
650,потом,25
651,строительство,87
651,поговорить,23
651,наступать,36
651,выраженный,60
651,дурацкий,18
651,еврейский,53
652,потянуться,55
652,настать,15
652,устройство,25
652,эффект,40
653,пространство,87
653,четко,33
653,теория,3
653,потом,73
653,посидеть,75
653,товар,53
654,грудь,5
655,палец,83
655,чувство,55
655,пастух,45
655,появление,47
656,правильный,81
656,материя,48
656,иной,83
656,уронить,37
657,сынок,75
657,скрытый,32
658,интеллектуальный,28
658,валюта,89
658,спалить,69
659,казнь,2
659,товар,1
659,ведь,92
659,за,74
659,носок,6
659,господь,31
659,палата,95
659,намерение,9
660,что,3
660,полевой,35
660,горький,64
660,изучить,71
660,факультет,55
660,правление,73
660,демократия,1
660,очко,52
660,порядок,73
661,низкий,67
661,четко,14
661,чувство,5
661,что,29
661,ярко,39
661,задержать,23
661,скрытый,42
662,казнь,80
662,самостоятельно,26
662,забирать,89
663,один,19
663,темнеть,19
663,совещание,57
663,выражение,82
663,вздрогнуть,13
663,неожиданно,37
663,слать,19
663,сравнение,90
664,оборот,98
664,ведь,20
664,уточнить,40
664,отъезд,86
664,полоска,62
664,пасть,50
664,лететь,75
665,означать,100
665,дальний,4
665,основание,77
665,палата,26
665,снимать,40
665,выкинуть,62
666,каюта,16
666,социалистический,58
666,устройство,66
666,темнеть,3
666,видимо,61
666,бак,69
666,назначить,93
666,волк,58
667,отражение,68
667,головной,69
667,угроза,29
667,чем,30
667,неудобно,79
667,пространство,37
667,вперед,44
667,естественный,57
667,порядок,74
667,терапия,3
668,функция,66
668,металл,96
668,механический,48
668,страсть,86
668,выразить,74
668,вскакивать,22
668,славный,92
668,изображать,84
668,славный,30
668,монета,41
669,заведение,38
669,рабочий,87
669,что,9
669,очутиться,32
669,аллея,88
669,багровый,36
669,потрясти,3
669,вариант,100
669,возмутиться,90
670,привлекать,53
670,вперед,8
670,медицина,17
670,правый,32
671,приходить,51
671,пятеро,7
672,через,12
672,бабочка,44
672,успокоиться,97
672,космос,66
672,расстройство,74
672,нажать,30
672,зеленый,93
672,посвятить,26
673,академик,26
673,рай,24
673,ученый,23
673,дремать,85
673,премьера,30
673,при,76
673,пропаганда,55
674,волк,99
674,соответствие,14
674,задрать,60
674,запеть,78
674,какой,91
674,коммунизм,95
674,товар,48
674,куча,80
675,оборот,6
676,гулять,63
676,новый,7
676,идея,18
676,житель,14
676,функция,10
676,передо,96
677,через,36
677,редактор,56
677,мучительно,73
677,отдел,98
677,боец,64
677,солнце,74
677,демократия,84
677,аж,36
677,коммунизм,44
678,эффект,84
678,труп,48
678,реклама,20
679,тута,3
679,чувство,33
679,монета,53
679,школьный,62
679,призыв,17
680,солнце,18
680,понятный,41
680,а,4
680,призыв,71
681,остановить,99
681,назначить,30
681,недостаток,51
681,зато,31
681,уронить,79
681,термин,50
681,плясать,21
682,материя,42
682,горький,67
682,гулять,3
682,ведь,21
682,следовательно,27
682,волк,98
682,функция,39
682,равнодушный,99
682,валюта,75
682,потрясти,20
683,парень,48
683,спорт,13
683,разуметься,28
683,потрясти,28
683,художественный,74
683,упор,54
683,поговорить,23
683,четко,46
683,смертельный,39
684,порог,65
684,полностью,54
685,деньги,24
685,картинка,59
685,господь,26
685,очередной,60
685,свежий,57
686,провал,65
686,похороны,54
686,доставать,69
686,функция,74
686,направо,41
687,наступать,63
687,близко,88
688,трясти,74
688,термин,23
688,через,17
688,рота,82
688,подробность,64
688,результат,19
688,поколение,53
688,выраженный,2
689,угроза,10
689,умирать,99
689,расстройство,33
689,художественный,98
689,другой,70
689,академик,75
689,стакан,57
689,степь,8
689,ярко,17
690,понятный,31
690,художественный,50
691,недостаток,39
691,успокоиться,43
691,боец,30
691,покидать,31
691,холодно,33
692,цвет,76
692,природа,71
692,нервно,69
692,прощение,69
692,слишком,62
692,манера,64
692,умолять,53
692,около,55
692,намерение,17
693,падать,41
693,означать,73
693,космос,6
693,демократия,37
693,мучительно,72
693,расстройство,12
693,ход,69
693,да,23
693,трясти,98
694,угроза,56
694,непривычный,10
694,пламя,45
694,рис,4
694,угроза,55
694,тревога,40
694,падаль,74
694,порядок,20
694,поезд,47
694,невыносимый,25
695,правый,48
695,вздрогнуть,47
695,горький,2
695,строительство,88
695,издали,4
695,тревога,69
696,кольцо,16
696,еврейский,79
696,число,16
696,экзамен,50
696,металл,53
696,порог,19
697,вряд,95
697,помимо,14
697,правильный,74
697,одиннадцать,81
697,функция,5
697,коммунизм,51
698,доставать,97
698,запеть,29
698,конференция,79
698,очутиться,93
698,палка,13
698,лиловый,92
698,художественный,44
699,четко,43
699,приличный,51
699,построить,84
699,миф,23
699,миллиард,3
699,картинка,41
700,госпожа,44
700,ломать,37
700,анализ,33
700,прелесть,82
700,приятель,46
700,заплакать,72
700,бочок,1
700,пробовать,64
700,заложить,85
701,набор,98
701,полностью,70
701,мучительно,63
701,висеть,23
701,социалистический,47
701,опасность,78
702,мгновение,59
703,вытаскивать,42
704,интернет,55
704,госпожа,5
704,скрытый,94
704,ребятишки,17
704,пропасть,86
705,аллея,62
705,хотеть,6
705,выраженный,56
705,войти,80
705,передо,43
706,выражаться,9
706,полевой,91
706,конференция,25
707,сопровождаться,31
707,монета,93
707,сверкать,78
707,вскинуть,47
707,степь,42
707,полюбить,10
707,манера,95
707,скользить,54
708,смертельный,85
708,кузнец,23
708,мягкий,33
708,манера,56
708,снимать,76
708,горький,35
708,возбуждение,4
708,упор,10
708,светило,23
708,невыносимый,1
709,плод,43
709,плавно,83
709,пропаганда,44
709,увеличиваться,88
709,куча,31
709,командование,75
710,сопровождаться,1
710,за,26
710,деловой,2
710,свежий,34
710,дошлый,89
710,экзамен,2
710,головка,62
710,успокоиться,18
710,около,67
710,дальний,37
711,банда,26
712,космос,76
712,угодный,93
712,способ,80
712,сопровождаться,59
712,головной,21
712,плод,65
712,инструкция,27
713,плод,13
713,пространство,31
713,изображать,55
713,плавно,64
713,мусор,68
713,что,43
713,мальчишка,18
713,разводить,67
713,лиловый,2
713,багровый,89
714,столетие,5
714,уронить,19
714,один,47
714,степь,3
714,дурацкий,66
715,прежний,48
715,тесно,40
715,непривычный,42
715,новый,81
715,наступать,48
715,сутки,74
716,роскошный,72
716,добиться,39
716,указанный,68
716,белье,31
716,пол,33
716,секунда,90
716,манера,61
716,мелькнуть,48
716,плавно,41
717,тревога,23
717,уничтожение,43
717,экзамен,96
717,космос,76
717,потянуться,26
717,построить,34
717,налево,24
717,что,69
717,вперед,87
717,наступать,13
718,секунда,2
718,упор,30
718,пасть,7
718,запустить,3
718,нажать,56
719,дальний,37
719,правый,37
719,смелый,36
719,потянуться,68
719,вывести,73
719,грустный,42
719,вздрагивать,53
719,поставить,7
720,недостаток,56
721,вздрогнуть,97
721,термин,33
721,за,40
721,посидеть,50
721,новый,69
721,четко,51
721,оставить,50
721,экзамен,7
721,ответить,83
721,невозможно,79
722,демократия,71
722,художественный,61
722,основание,96
722,витрина,54
722,выраженный,93
722,четыре,82
722,избегать,54
723,столетие,57
723,факультет,82
723,светило,95
723,прощение,1
723,мучительно,90
723,следовательно,64
723,интернет,52
723,рай,70
724,миллиард,59
724,инвалид,84
724,находить,14
725,зеленый,68
725,мимо,69
725,рабочий,52
725,совещание,93
725,скользить,70
726,легко,22
726,потрясти,16
727,избегать,48
727,тесно,35
727,ярко,99
727,хотеть,85
727,мгновение,69
727,порт,29
728,эпоха,71
728,манера,92
728,за,95
729,фонарик,62
729,заложить,20
729,смеяться,5
729,уронить,30
729,адвокат,60
729,единый,46
729,руководитель,57
729,развернуться,78
730,счастье,20
730,добиться,53
730,поезд,99
730,жидкий,1
730,скрытый,35
730,идея,47
730,даль,43
730,космос,25
730,коричневый,68
731,трясти,27
731,точно,59
731,пол,56
731,командующий,21
731,призыв,8
731,предоставить,89
731,команда,63
731,другой,19
732,слать,20
733,построить,15
733,перебивать,60
733,волк,8
733,настать,28
733,миллиард,50
733,запустить,39
733,миллиард,48
733,смелый,30
733,выражение,5
734,материя,50
734,тысяча,67
734,невыносимый,15
734,валюта,11
734,написать,6
734,изредка,61
734,растеряться,54
734,цепочка,83
735,намерение,48
736,космос,81
736,пересечь,15
736,деловой,4
736,одиннадцать,73
736,более,40
736,багровый,66
737,возможно,19
737,пастух,32
737,задержать,57
737,указанный,49
737,более,66
737,художественный,42
737,угодный,91
737,вообще,28
737,порт,97
738,карандаш,37
738,банк,57
738,тута,18
738,ребятишки,16
739,человечек,75
740,бак,56
741,набор,59
741,банк,31
741,спорт,38
741,выгнать,67
741,ягода,54
741,отдел,18
741,выдержать,83
741,монета,75
742,вообще,51
743,забирать,90
743,снимать,69
743,степь,84
743,печатать,80
743,торопливый,66
743,поговорить,62
743,результат,98
743,рота,98
743,видимо,27
744,потрясти,70
744,командующий,76
745,премьера,66
745,отражение,40
745,трубка,79
745,применяться,44
745,видимо,96
745,прощение,63
745,деловой,85
745,бригада,90
745,полевой,95
746,изменение,86
746,войти,10
746,художественный,4
746,команда,30
746,бабочка,90
746,магазин,69
746,правильный,44
746,четыре,73
746,горький,4
747,степь,70
747,грудь,40
747,совещание,15
747,пол,43
747,совет,5
748,выраженный,75
748,бетонный,90
748,указанный,69
748,собеседник,64
748,пропаганда,57
748,ребятишки,70
748,горький,22
749,сынок,49
749,грустный,33
749,похороны,88
749,слишком,24
749,сбросить,49
749,вытаскивать,14
749,ягода,6
749,господь,43
750,рассуждение,92
750,витрина,42
750,смеяться,5
751,тревога,70
751,бабочка,1
751,девка,7
752,плавно,52
752,растеряться,63
752,плод,35
752,задрать,60
752,манера,49
753,лиловый,32
753,понятный,6
753,посидеть,60
753,славный,22
754,пропадать,29
755,единый,22
755,мелькнуть,66
755,процесс,67
755,услать,59
755,ярко,17
755,что,85
755,пламя,70
755,палка,27
755,школьный,35
755,банк,94
756,выразить,8
756,промолчать,10
756,освободить,9
756,кидать,84
756,монета,41
756,кузнец,5
757,бабочка,88
757,монета,55
757,очередной,62
757,достоинство,90
758,призыв,2
758,сынок,83
758,мелочь,93
759,военный,96
759,сопровождаться,88
760,костер,45
760,дальний,18
760,правильный,80
760,ломать,65
760,актриса,96
761,песня,8
761,необычный,55
762,шлем,74
762,жить,52
762,прошептать,54
762,совещание,7
762,стакан,43
762,рабочий,84
762,вчера,96
763,сустав,45
763,армейский,59
764,темнеть,96
764,мальчишка,76
764,лапа,11
765,ложиться,3
765,жестокий,28
765,решетка,90
765,человечек,58
765,материя,50
765,темнеть,63
765,полоска,29
766,спалить,32
766,написать,83
766,порог,65
766,возмутиться,74
766,привлекать,96
767,остановить,49
767,дружно,73
767,провал,8
767,плавно,48
767,степь,30
767,возможно,51
767,бочок,37
767,передо,95
768,помолчать,95
768,спешить,45
768,порт,94
768,похороны,11
769,выкинуть,77
769,вытаскивать,8
769,поколение,56
769,приятель,42
769,постоянный,51
769,шлем,89
769,правление,78
769,вывести,89
769,сынок,18
770,услать,77
770,банк,31
770,дрогнуть,96
770,ложиться,56
770,совещание,54
770,хотеть,86
771,необычный,39
771,расстройство,58
772,мелькнуть,6
772,зато,60
772,упор,80
772,коллектив,3
772,потрясти,77
772,тута,8
772,угроза,13
772,постоянный,16
772,стакан,47
773,металл,24
773,точно,37
773,прежде,90
773,посвятить,91
773,исполнять,47
773,пламя,80
774,ход,92
774,еврейский,95
774,выраженный,82
774,лапа,88
774,около,96
774,палата,43
774,разуметься,61
774,решение,96
775,блин,67
775,спешить,59
775,полевой,24
776,снимать,12
776,ведь,16
776,тревога,20
776,эффект,42
776,добиться,73
777,остановить,89
777,советовать,16
777,рот,68
777,картинка,38
777,возможно,6
777,ответить,30
778,карман,7
778,хозяйка,96
779,расстройство,78
779,бригада,81
779,выбирать,79
779,дальний,80
780,успокоиться,38
781,о,18
781,отъезд,41
781,прелесть,53
781,бетонный,61
781,июнь,15
781,поставить,91
781,зарплата,36
781,реклама,91
782,мягкий,56
783,художественный,66
783,отметить,83
783,выраженный,35
783,столетие,100
783,способ,38
783,вряд,45
783,палата,29
784,июнь,23
784,самостоятельно,39
785,тесно,77
785,второй,19
785,радость,39
785,сбросить,84
785,ягода,54
785,торопливый,64
785,необычный,62
785,при,35
785,ломать,67
786,ученый,97
786,секунда,25
786,адвокат,82
786,пропадать,33
786,секунда,66
786,висеть,26
786,армейский,38
786,слишком,3
786,штаб,1
787,запретить,10
787,пробовать,27
787,военный,89
787,сынок,76
787,эпоха,27
787,командующий,24
787,порода,9
787,ручей,95
787,запретить,52
787,другой,26
788,палата,88
788,уничтожение,70
788,наслаждение,70
788,основание,84
788,расстройство,47
788,чем,3
788,естественный,95
788,выраженный,4
788,космос,6
789,материя,92
789,грудь,36
789,изредка,65
789,радость,17
789,сверкающий,14
790,экзамен,75
790,рай,68
790,правильный,70
790,медицина,11
790,мотоцикл,84
790,боец,46
790,выраженный,73
791,протягивать,92
791,указанный,13
791,вытаскивать,30
791,опасность,14
791,слишком,40
791,предоставить,71
792,багровый,85
792,промолчать,10
792,отъезд,83
792,пробовать,6
792,народ,89
792,расстегнуть,40
792,пастух,41
793,угроза,17
793,потом,9
793,дружно,18
794,страсть,36
794,иной,14
794,виднеться,44
794,танцевать,71
794,строительство,8
794,руководитель,84
795,плод,54
795,рис,77
795,район,75
795,сверкать,73
795,головка,95
795,изменение,39
795,господь,97
795,порода,12
795,коммунизм,10
796,направо,20
796,приходить,100
796,слать,1
796,уничтожение,24
796,устройство,13
796,грустный,29
797,необычный,57
797,четыре,72
797,район,63
797,рота,50
797,цель,53
797,невозможно,29
797,слать,86
798,левый,68
798,парень,66
798,проход,12
798,результат,80
798,прошептать,34
798,руководитель,81
798,пламя,15
799,райком,38
800,возбуждение,68
800,решение,33
800,премьера,99
800,возмутиться,41
801,умирать,82
801,ночь,12
801,сохранять,20
801,заведение,25
801,печатать,10
801,пасть,26
801,ученый,49
801,житель,16
802,домашний,95
802,настать,12
802,темнеть,93
802,мгновение,60
802,оставить,33
802,карман,46
803,пространство,10
803,приятель,34
804,тревога,88
804,плод,82
804,кидать,71
804,число,53
804,поставить,30
804,падаль,62
804,тусклый,20
804,сутки,93
805,еврейский,19
805,опасность,32
805,направо,87
806,освободить,19
806,манера,98
806,штаб,69
806,место,95
806,эпоха,77
806,отражение,54
806,освободить,14
807,одиннадцать,4
807,сверкающий,85
807,тута,50
807,печатать,63
807,картинка,42
807,иной,26
807,картинка,81
807,что,20
807,руководитель,49
807,отражение,23
808,очутиться,75
808,поймать,50
808,вывести,61
808,манера,8
808,присесть,61
808,вчера,44
808,крутой,83
809,изучить,2
809,поймать,82
809,исполнять,13
809,крутой,38
809,виднеться,3
809,коллектив,78
809,ночь,100
809,приятель,55
809,виднеться,94
809,труп,90
810,полоска,45
810,через,44
810,о,84
810,белье,86
810,аллея,79
810,остановить,68
810,дыхание,78
810,угол,19
810,неудобно,25
810,промолчать,15
811,угроза,99
811,актриса,47
811,степь,30
811,мальчишка,2
812,появление,13
812,добиться,96
812,багровый,96
812,вариант,95
812,спичка,99
812,сохранять,28
812,горький,16
812,функция,63
813,умирать,90
813,провал,12
813,роса,63
813,спешить,93
813,потрясти,87
814,скрытый,65
814,отражение,69
814,спорт,33
814,сходить,24
814,протягивать,60
814,роскошный,8
814,кидать,27
814,господь,76
815,банда,60
815,прелесть,28
815,носок,48
815,процесс,90
816,падать,26
816,о,20
816,коробка,60
816,чувство,74
816,сбросить,4
816,функция,8
816,призыв,46
816,устройство,93
817,вперед,34
817,находить,32
818,господь,82
818,палец,94
818,хлеб,93
818,самостоятельно,66
818,славный,92
818,растеряться,1
818,мера,58
819,пробовать,62
819,сомнительный,35
819,самостоятельно,18
819,подробность,62
820,полевой,92
820,стакан,17
820,армейский,94
820,перебивать,7
820,багровый,67
820,возбуждение,29
820,палец,74
821,дружно,17
821,отдел,21
821,интернет,29
821,славный,57
821,рассуждение,8
821,ученый,34
821,командующий,91
821,горький,44
822,интернет,34
822,мгновение,76
822,деловой,84
823,пастух,89
823,разводить,77
823,выражение,86
823,носок,20
823,видимо,40
823,избегать,8
823,уничтожение,98
823,ученый,36
823,заложить,61
823,направо,84
824,потрясти,85
824,тревога,35
824,полоска,49
824,степь,27
824,монета,51
824,упор,22
824,тяжелый,41
825,порт,46
826,второй,8
826,картинка,41
826,полностью,66
826,функция,9
826,карман,50
827,дрогнуть,85
827,порядок,78
827,близко,13
827,строительство,36
828,труп,33
828,очко,19
828,похороны,9
828,банда,59
828,строительство,7
828,слать,36
829,выдержать,86
829,горький,96
829,сверкающий,84
829,торговля,48
829,мелькнуть,11
829,возбуждение,62
829,ленинград,22
830,вывести,76
830,вперед,2
830,тесно,40
830,металл,59
830,мимо,64
830,единый,76
830,команда,15
830,встать,84
831,растеряться,90
831,развернуться,69
831,легко,35
831,табак,76
831,конструкция,34
831,лететь,49
831,вздрогнуть,49
832,идея,67
832,освобождение,47
832,социалистический,25
832,столетие,12
832,заложить,53
832,лететь,48
832,отметить,23
832,мучительно,24
832,подземный,23
832,какой,15
833,витрина,43
833,грустный,35
834,мимо,64
834,темнеть,85
834,вывести,47
834,дремать,99
834,процесс,13
834,зато,1
834,спалить,6
834,способ,46
835,способ,86
835,жестокий,29
835,выражаться,11
835,войти,18
835,обида,59
836,армейский,28
836,плод,97
837,столетие,88
837,зеленый,76
838,вообще,16
838,единый,58
838,изображать,11
838,миг,15
839,настать,7
839,грудь,75
839,медицина,88
839,жить,14
839,направо,73
839,выбирать,9
839,миг,25
839,крутой,83
840,покидать,92
841,жидкий,69
841,похороны,100
842,академик,58
843,командующий,23
843,падать,98
843,приятель,85
843,ставить,4
843,спасть,83
843,передо,14
843,пространство,37
843,ленинград,17
843,коричневый,90
844,помолчать,82
844,советовать,71
844,мотоцикл,84
844,провинция,95
844,господь,61
844,роса,70
844,висеть,3
844,коллектив,80
845,развернуться,26
845,дьявол,5
845,материя,36
845,призыв,92
845,конструкция,40
845,актриса,22
845,миф,62
845,господь,53
845,школьный,70
845,проход,50
846,торговля,59
846,пастух,4
847,демократия,43
847,дурацкий,45
847,провал,86
847,коммунизм,73
847,адвокат,29
847,сверкающий,63
847,провал,25
847,лететь,94
847,очередной,12
847,пропадать,71
848,следовательно,67
848,полюбить,52
848,подземный,81
848,вообще,9
848,смелый,27
848,число,100
848,премьера,5
848,миллиард,70
848,еврейский,2
849,металл,77
849,бочок,14
849,конференция,66
849,эффект,48
849,желание,53
850,естественный,81
850,лететь,69
850,степь,96
851,гулять,41
851,кузнец,35
851,пробовать,36
851,ленинград,24
851,табак,53
851,аллея,42
851,забирать,47
851,инвалид,70
851,пространство,92
851,столетие,91
852,витрина,38
852,реклама,21
852,спасть,59
852,указанный,36
852,неправда,13
852,возбуждение,72
852,нервно,91
852,пересечь,86
852,роскошный,98
852,совещание,33
853,выраженный,75
853,что,74
854,заплакать,26
855,за,18
855,задрать,72
855,миф,2
855,более,64
856,смелый,74
856,очередной,75
856,головной,85
856,налоговый,93
856,прелесть,5
856,бригада,70
856,лапа,20
856,монета,41
857,около,83
857,исследование,52
857,наступать,32
857,ленинград,38
858,правый,95
858,совет,99
858,сохранять,90
858,палка,89
858,народ,33
859,домашний,61
859,непривычный,60
859,крутой,33
859,ставить,41
860,выбирать,35
861,пропаганда,22
861,вскинуть,91
861,предоставить,71
861,правление,92
862,ярко,42
862,сопровождаться,21
862,витрина,8
862,вздрогнуть,45
862,посидеть,53
862,трубка,77
862,художественный,33
862,командование,71
863,отметить,85
863,покидать,32
863,задержать,54
863,разводить,11
863,ложиться,47
863,тюрьма,4
863,неожиданно,59
864,песенка,73
865,направо,26
865,что,21
865,трясти,44
865,пасть,85
865,один,81
865,заведение,8
865,академик,47
865,приличный,49
866,лапа,46
866,ленинград,43
866,через,100
866,падаль,68
866,степь,31
867,остановить,46
867,совещание,6
867,бровь,94
867,рай,95
867,картинка,79
867,проход,28
867,вздрогнуть,59
867,выраженный,6
868,очутиться,13
868,дьявол,79
868,блин,13
868,аж,71
868,грустный,14
868,палец,84
868,вывести,57
869,манера,6
869,а,33
869,монета,56
869,желание,36
869,полоска,5
869,некоторый,21
869,руководитель,3
870,темнеть,24
870,слать,78
870,заведение,27
870,построить,80
870,господь,56
870,очередной,56
871,рассуждение,49
872,подземный,34
872,ведь,91
872,мгновение,25
872,карандаш,86
873,сохранять,61
873,о,25
873,полоска,37
873,плавно,34
873,дыхание,18
873,песенка,76
873,ломать,47
873,дрогнуть,30
873,рай,38
873,механический,60
874,падаль,21
874,механический,37
874,конструкция,68
874,угол,28
875,пробовать,39
875,серьезный,11
875,направо,15
875,ученый,38
875,естественный,45
875,расстройство,18
875,покидать,52
876,танцевать,68
876,издали,76
876,премьера,45
876,командование,77
877,степь,84
877,провал,19
877,правый,36
877,передо,37
877,голубчик,36
877,полностью,15
877,ребятишки,31
877,господь,38
878,уничтожение,71
878,танцевать,87
878,бок,78
878,желание,9
878,налоговый,92
878,порог,99
878,руководитель,46
879,помолчать,55
879,белье,35
879,мера,87
879,нож,96
880,привлекать,4
880,каюта,25
880,заложить,25
881,магазин,8
881,армейский,91
881,выбирать,38
881,даль,71
881,темнеть,30
881,ботинок,49
881,экзамен,18
881,армейский,80
881,жестокий,6
882,неправда,71
882,совет,43
882,единый,31
883,новый,46
883,сбросить,90
883,соответствие,67
883,ученый,14
883,ремень,73
883,крыса,58
884,обида,83
884,смеяться,18
884,тысяча,27
884,нож,51
884,отъезд,85
885,грудь,12
885,пятеро,43
886,хозяйка,17
886,научить,86
886,неудобно,25
886,добиться,95
886,потянуться,29
886,ягода,73
886,грудь,8
886,сохранять,23
887,потом,92
887,более,9
888,самостоятельно,41
888,войти,83
888,терапия,100
888,дьявол,3
888,витрина,77
888,боец,98
888,висеть,29
888,магазин,51
888,налоговый,25
889,художественный,5
889,равнодушный,87
889,миф,21
889,поговорить,83
889,расстегнуть,64
889,табак,47
889,ход,35
889,ломать,59
889,штаб,72
889,свежий,53
890,порядок,15
890,холодно,80
891,прошептать,19
891,приличный,48
892,вообще,58
892,необычный,68
892,ночь,63
892,салон,94
892,предоставить,40
892,находить,50
892,бак,83
892,поезд,31
892,песня,33
893,равнодушный,3
893,природа,26
893,возможно,30
893,лиловый,92
894,нож,36
894,четко,58
895,за,74
896,угроза,5
896,разуметься,65
896,вскакивать,35
896,спешить,48
896,научить,99
896,лететь,3
896,труп,72
896,очутиться,60
897,второй,27
897,поймать,85
897,дурацкий,56
897,оборот,87
897,каюта,75
897,дорогой,54
897,расстройство,95
897,полюбить,4
897,блин,50
898,адвокат,27
898,другой,26
899,разнообразный,85
899,заложить,90
899,вариант,23
899,сбросить,32
899,оборот,51
899,задрать,52
899,заплакать,4
900,багровый,66
900,точно,68
901,человечек,69
901,перебивать,61
901,мимо,60
902,командир,88
902,бригада,50
902,ночь,84
903,беспомощный,91
904,запретить,82
904,выдержать,89
904,угодный,18
904,хозяйка,40
904,задрать,33
904,новый,43
905,тюрьма,74
905,зарплата,89
905,легко,30
906,мелькнуть,28
906,командование,28
906,подземный,23
906,господь,78
906,тревога,2
906,художественный,46
906,пространство,26
906,школьный,29
907,актриса,64
907,фонарик,29
908,о,24
908,успокоиться,43
909,июнь,26
909,висеть,31
909,еврейский,41
909,задержать,15
910,команда,82
910,пропадать,29
910,близко,13
910,число,24
911,сравнение,91
911,ребятишки,94
911,витрина,63
911,потянуться,21
912,покидать,46
912,даль,84
912,решетка,1
912,плод,28
913,полоска,88
914,ответить,59
915,бочок,41
915,печатать,33
915,терапия,35
915,командир,20
916,пересечь,26
916,банда,61
916,куча,42
917,запеть,72
917,зарплата,46
917,кпсс,12
918,результат,94
918,песня,1
918,ложиться,66
918,ход,84
918,заплакать,16
918,очередной,61
918,пропадать,48
919,зеленый,46
919,миллиард,72
919,конференция,94
919,неправда,58
919,бочок,10
919,отдел,59
919,указанный,55
919,редактор,85
920,танцевать,14
920,тревога,51
920,даль,31
920,снимать,37
920,висеть,83
920,монета,2
920,теория,59
920,гулять,52
921,анализ,54
921,отметить,87
921,тревога,44
921,механический,35
921,бок,54
921,тусклый,45
921,освободить,28
921,зеленый,24
921,близко,78
922,банда,88
922,монета,89
923,растеряться,53
923,избегать,23
923,оставить,21
923,миллиард,46
924,намерение,18
924,ручей,95
924,адвокат,43
924,спичка,74
924,бак,56
924,валюта,83
924,процесс,44
924,вскинуть,75
924,передо,63
925,космос,85
925,снимать,77
925,очко,39
925,табак,4
925,армейский,31
926,о,30
926,поздравлять,52
926,дурацкий,69
926,разводить,86
926,художественный,62
926,эпоха,49
926,второй,4
926,материя,29
927,цвет,56
927,тута,36
927,бетонный,2
927,наткнуться,32
927,потрясти,62
928,бетонный,56
928,карандаш,37
928,неудобно,70
929,способ,62
929,да,51
929,перебивать,94
929,дошлый,96
929,парень,81
929,изменение,36
929,салон,6
930,пропасть,3
930,ответить,49
930,что,10
930,зарплата,96
931,монета,17
931,спасть,11
931,валюта,8
931,пропасть,17
931,командующий,4
931,пробовать,82
931,встать,70
931,вытаскивать,36
931,бак,30
931,инструкция,95
932,процесс,24
932,плод,96
932,крыса,72
932,возбуждение,95
933,оборот,74
933,карандаш,14
933,левый,35
933,деньги,5
933,место,67
933,лиловый,16
934,освобождение,56
934,мягкий,27
934,крутой,76
934,миф,93
935,заработать,60
935,опасность,74
935,прежде,1
935,плод,60
935,светило,78
936,грудь,59
937,устройство,92
937,термин,89
937,ход,80
937,отдел,80
937,интеллектуальный,54
937,еврейский,9
937,пропадать,85
938,один,82
938,ярко,37
938,пространство,96
938,аллея,46
938,трясти,72
938,материя,82
938,бочок,55
938,лететь,97
938,бок,21
938,выкинуть,97
939,волк,84
939,достоинство,44
939,командир,54
939,изредка,37
939,юный,83
940,функция,61
940,падать,20
940,выраженный,9
940,правление,13
940,ручей,98
940,интеллектуальный,3
940,адвокат,35
941,плод,94
941,вздрагивать,33
941,пятеро,99
941,написать,25
941,монета,42
941,второй,73
941,сравнение,47
941,коммунизм,87
941,цепочка,32
941,скользить,52
942,бригада,36
942,прежде,44
942,миг,61
942,госпожа,58
942,ремень,75
943,способ,17
943,точно,94
943,карандаш,95
943,задержать,95
943,равнодушный,18
943,падаль,96
944,дорогой,51
944,собеседник,77
944,число,75
944,торговля,29
944,угодный,52
944,непривычный,25
944,затянуться,86
944,похороны,7
945,полоска,32
946,аллея,100
946,июнь,70
946,дружно,94
947,бак,26
947,сверкать,98
947,актриса,48
947,термин,2
947,угодный,54
947,мучительно,52
948,отметить,88
949,нажать,64
949,головка,34
949,коммунизм,52
949,неожиданно,67
949,серьезный,3
949,оборот,70
950,школьный,78
950,песенка,65
950,посидеть,28
950,житель,20
950,правление,18
950,подземный,20
951,кольцо,23
951,спешить,4
952,наступать,84
952,сынок,63
952,витрина,96
953,дрогнуть,48
953,дурацкий,19
953,следовательно,17
953,невыносимый,3
953,труп,71
953,кпсс,31
953,терапия,65
953,дорогой,30
953,тусклый,17
954,кузнец,78
954,крутой,12
954,реклама,37
954,зарплата,53
954,механический,5
954,отъезд,86
954,интернет,26
954,прощение,19
955,скрытый,89
955,зеленый,4
955,спичка,81
955,тревога,28
955,задрать,88
955,расстройство,75
955,основание,46
955,ярко,5
955,невыносимый,88
956,монета,64
956,оборот,8
956,ход,5
956,неожиданный,48
956,домашний,59
956,господь,19
956,трубка,4
956,трясти,82
956,скользить,77
957,теория,84
957,миг,64
957,трубка,11
957,цель,49
957,банк,93
957,сбросить,17
957,приличный,98
958,мелочь,41
958,сутки,75
958,коробка,99
958,господь,25
958,поговорить,45
958,палата,37
958,спасть,97
958,другой,92
958,за,56
959,тусклый,86
960,призыв,40
960,поздравлять,95
960,цвет,40
960,рассуждение,10
960,подробность,42
961,изменение,24
961,заработать,26
961,роса,27
961,мучительно,77
961,встать,91
961,девка,4
961,некоторый,93
961,жестокий,8
961,сынок,15
962,хлеб,95
962,заявление,78
962,армейский,24
962,за,86
963,отдел,98
963,строительство,26
963,висеть,80
963,процесс,69
963,хозяйка,49
963,грустный,93
964,мотоцикл,54
964,роскошный,18
964,дорогой,11
964,провал,34
964,бочок,84
964,наслаждение,17
964,плясать,11
965,спорт,80
965,скользить,29
965,тута,95
965,понятный,63
966,магазин,81
966,тесно,5
966,палец,45
966,монета,83
966,настать,6
966,налоговый,43
966,исследование,6
966,госпожа,49
966,инвалид,18
967,командующий,92
967,нервно,45
967,домашний,18
967,неожиданно,28
967,выбирать,25
967,возможно,42
967,инвалид,54
968,встать,88
968,коробка,71
969,штаб,67
969,выбирать,45
969,возбуждение,9
969,кидать,49
969,равнодушный,73
970,основание,54
970,передо,45
970,ломать,39
970,белье,5
970,рай,86
970,развитый,25
970,казнь,59
971,цепочка,79
971,командование,22
971,рис,53
971,премьера,49
971,более,20
971,плод,80
972,конструкция,40
972,прелесть,24
972,пересечь,13
972,нож,83
972,единый,18
973,левый,44
973,некоторый,33
973,командующий,14
973,запретить,20
973,налево,87
974,идея,9
974,новый,66
974,выкинуть,78
974,сходить,91
975,задрать,45
975,упор,6
975,слишком,53
976,вскинуть,100
976,висеть,10
976,спичка,23
976,шлем,33
976,коробка,13
976,результат,39
977,головной,29
977,уронить,89
977,четыре,53
977,зеленый,62
977,неправда,54
977,табак,2
977,дружно,46
977,развернуться,54
977,сынок,32
978,интеллектуальный,41
978,столетие,98
978,интернет,37
978,слишком,13
978,художественный,74
978,висеть,51
978,тюрьма,33
979,банк,56
979,космос,99
979,термин,97
979,радость,67
979,изредка,80
979,возможно,49
979,палка,16
979,лететь,38
980,космос,51
980,неправда,83
980,помимо,5
981,потрясти,17
981,выраженный,97
981,число,79
981,сомнительный,65
981,предоставить,48
981,изображать,22
981,применяться,26
982,прежде,57
982,сбросить,4
982,пробовать,53
983,правильный,94
983,славный,66
983,да,93
983,приятель,28
983,шлем,55
984,коллектив,56
984,хотеть,52
984,актриса,41
984,премьера,45
984,командование,51
984,трясти,50
985,сверкать,9
985,порода,16
985,идея,62
986,неправда,32
986,угроза,99
986,танцевать,44
986,вчера,91
986,вскинуть,30
987,эпоха,39
987,мотоцикл,17
988,низкий,55
988,близко,18
988,болото,83
988,умолять,93
988,бочок,45
988,сынок,14
989,провинция,62
989,поставить,52
989,адвокат,93
989,бабочка,39
989,вскинуть,74
989,некоторый,72
989,выраженный,69
989,самостоятельно,5
990,указанный,31
990,через,33
990,коробка,58
991,еврейский,47
991,скрытый,75
991,темнеть,26
991,рассуждение,95
991,дружно,35
991,инструкция,75
991,постоянный,13
991,райком,33
991,рота,76
992,госпожа,72
993,еврейский,50
993,присесть,36
994,палец,63
994,цвет,21
994,мотоцикл,98
994,неправда,44
995,счастье,7
995,некоторый,94
995,затянуться,2
995,господь,28
995,дыхание,9
995,пасть,31
995,направо,81
995,грудь,74
996,вариант,7
996,поколение,76
996,привлекать,33
996,светило,2
997,помолчать,77
997,мера,27
997,хотеть,21
997,ягода,27
997,основание,7
997,мрачно,65
998,присесть,21
998,задрать,22
998,пробовать,75
998,металл,54
999,советовать,31
999,единый,22
999,миф,30
1000,конференция,78
1001,мусор,8
1001,роса,3
1001,разнообразный,54
1001,правый,4
1001,стакан,6
1001,четыре,1
1001,темнеть,73
1001,растеряться,88
1001,спичка,97
1001,анализ,35
